"SalePrice","LotArea","YearBuilt","BedroomAbvGr","GarageCars","YrSold"
152000,10400,1976,3,2,2009
185000,28698,1967,3,2,2009
101800,9842,1962,2,2,2007
90000,7200,1949,2,2,2009
94550,7627,1920,4,0,2009
211000,10029,1988,4,2,2007
286000,9660,1998,3,3,2006
140000,11310,1954,2,2,2006
129000,18450,1965,3,2,2007
293200,10200,2007,3,3,2009
93500,10712,1991,3,0,2007
315000,18044,1986,2,2,2007
175000,11084,2004,3,2,2007
224243,7328,2008,2,3,2009
125000,8250,1935,2,1,2006
139000,4447,2003,2,2,2006
131000,8128,1954,3,1,2009
375000,5748,2005,2,2,2006
115000,6120,1925,2,1,2009
157000,10920,1960,2,1,2008
103500,11767,1956,2,1,2009
142500,3675,2005,2,2,2006
158000,15600,1949,3,1,2009
198500,8749,2002,3,2,2009
89000,6000,1921,2,1,2006
155900,4435,2004,1,2,2006
296000,16870,2004,3,3,2009
169990,10237,2005,3,2,2006
129000,9571,1956,3,1,2010
220000,15750,1999,2,2,2009
230000,8000,2002,3,2,2010
128500,10284,1925,1,2,2007
166000,8520,1952,4,2,2010
100000,10800,1885,2,1,2007
187000,7360,2010,2,2,2010
226000,7050,2001,3,2,2007
188700,11988,1934,3,1,2008
176400,3628,2004,1,2,2006
121500,9571,1956,2,1,2009
245500,14963,1996,1,2,2008
195000,11500,1966,2,2,2008
281213,12665,2005,4,3,2007
131000,8885,1983,2,2,2006
181134,8899,2007,3,2,2007
154000,2448,2003,2,2,2008
157500,13014,1978,3,2,2008
119000,3600,1917,3,1,2009
138887,13132,1914,4,1,2006
254000,6240,2006,2,2,2009
230000,14115,1956,2,2,2006
97500,17503,1948,3,1,2010
253000,11824,2006,2,3,2007
169000,11765,1957,3,3,2006
175000,10200,1988,3,2,2008
141000,8814,1968,4,2,2008
127000,9350,1947,3,1,2010
115000,3950,1926,3,1,2009
185000,10400,1980,3,2,2008
137000,11345,1948,4,2,2007
177500,2117,2000,3,2,2010
220000,11896,2008,3,3,2010
250000,11664,2002,3,3,2009
147500,8574,1916,3,2,2009
143500,8010,1958,2,2,2009
63000,9780,1934,4,1,2009
128200,10650,1976,3,1,2010
258000,11631,2004,4,3,2006
99500,7392,1930,2,1,2008
140000,7200,1980,2,2,2007
130000,7134,1955,3,2,2007
129000,11851,1948,3,1,2010
267300,8298,2006,2,2,2007
157500,9360,1968,2,2,2006
130000,9764,1967,3,2,2008
184000,15384,2004,3,2,2008
131750,6240,1930,3,1,2007
192000,8965,2003,3,2,2009
224500,13159,2009,3,2,2009
198000,20693,1971,3,2,2007
144000,2179,1976,3,2,2006
135000,7155,1926,3,1,2007
157500,8340,1977,3,1,2006
110000,7990,1975,3,1,2008
181000,10140,1974,3,2,2006
160000,12508,1940,4,1,2008
297000,10637,2007,3,3,2009
181000,7441,2006,3,2,2007
227875,10207,2007,3,2,2007
128900,4080,1935,3,1,2009
135000,10530,1977,2,2,2006
191000,8750,1996,2,2,2009
236000,9938,1993,3,2,2010
119000,8405,1900,4,1,2008
153000,7010,1935,3,1,2008
210000,8737,1923,3,2,2007
103200,5500,1956,1,0,2007
377500,14892,2006,3,3,2009
144800,9100,1954,2,1,2009
155000,2308,1976,3,2,2007
201000,25485,1960,3,2,2007
135000,10410,1916,3,1,2009
117000,5400,1954,2,1,2006
168500,9020,1964,3,2,2008
133000,9490,1941,3,1,2006
179900,11700,1968,3,2,2006
178000,3435,2004,1,2,2008
167300,10667,1971,3,2,2007
175000,11457,1988,3,2,2009
145000,10859,1994,3,2,2009
269500,12878,2003,3,2,2009
175000,9900,1967,2,2,2009
127500,7840,1975,4,0,2006
88000,2217,1970,3,1,2009
89000,5280,1895,2,1,2008
52000,4130,1935,2,0,2008
210000,8450,2004,3,2,2008
126000,9308,1965,3,1,2006
120000,10762,1980,3,1,2009
133000,4058,1998,1,1,2007
156000,7540,1978,2,2,2007
318000,10389,2003,3,3,2010
113000,21750,1954,2,2,2008
281500,12568,2007,3,3,2007
177500,8923,1998,3,2,2009
244400,24090,1940,4,1,2010
115000,1733,1980,2,2,2009
108000,13907,1940,3,0,2008
141000,9000,1937,3,1,2007
148000,10395,1978,3,2,2007
325300,14215,2005,4,3,2006
180000,7750,2000,3,2,2010
260000,9771,1995,4,2,2008
134900,8982,1977,3,2,2007
62383,8281,1965,3,1,2009
136000,7942,1953,3,1,2007
270000,20062,1977,1,2,2010
178750,7875,1996,3,2,2007
61000,10020,1922,1,0,2009
260000,19550,1940,2,0,2008
188000,8000,1995,3,2,2008
99000,9520,1953,2,1,2008
146000,9375,1954,3,2,2006
170000,3876,1978,1,2,2006
80000,7404,1920,2,2,2009
325000,13173,2006,2,2,2009
262500,9000,2008,3,2,2010
132500,6000,1939,4,1,2009
192000,9017,1999,3,2,2009
148400,1700,1980,2,1,2006
275000,14781,2001,3,3,2006
150000,11050,1968,4,2,2008
187000,12438,1995,3,2,2006
140000,9600,1950,3,1,2009
227000,9808,2002,3,2,2009
250000,9375,2003,3,2,2008
140000,10382,1958,2,1,2006
122000,8212,1941,3,1,2009
146000,13072,2005,3,0,2008
87550,1533,1970,3,1,2006
133500,15523,1972,3,1,2009
129500,10050,1955,3,1,2007
392000,8089,2007,2,2,2007
107000,7819,1976,3,2,2010
322500,11002,1998,4,3,2007
190000,10708,1955,2,1,2009
320000,11670,2006,3,3,2007
86000,5400,1920,2,1,2007
91500,7585,1948,4,1,2006
220000,6853,2001,2,2,2009
168500,9600,1974,4,2,2009
173000,11646,2005,3,2,2009
130000,3869,1984,2,1,2007
64000,5747,1920,2,1,2006
300000,10872,2006,2,3,2009
257500,10206,2008,3,3,2009
189000,11218,1992,3,2,2010
255000,8640,2007,3,2,2007
102900,9533,1953,2,1,2009
238500,7500,2006,2,2,2009
35311,9000,1949,1,1,2006
277000,14364,1988,3,2,2007
232698,9254,2005,3,2,2007
145000,6292,1928,3,1,2009
143000,8410,1974,2,2,2007
108000,5142,1923,3,1,2008
65000,9000,1920,3,1,2008
150000,8760,1956,3,1,2009
217500,11064,1995,1,2,2008
229000,10541,1996,3,2,2008
194500,7314,2007,2,2,2009
207500,5063,2007,2,2,2009
120750,6285,1977,2,1,2007
159900,9571,1956,3,1,2008
310000,14541,1993,5,3,2006
153575,8730,1915,3,1,2007
335000,10367,2008,3,3,2009
137000,13770,1958,3,1,2007
220000,11275,1932,3,2,2007
158500,10738,1966,3,2,2007
148000,7635,1960,3,2,2010
333168,14774,1999,4,3,2010
124500,9600,1959,3,1,2009
185000,7500,2004,2,2,2009
172000,11075,1969,4,2,2008
205000,7132,2006,2,2,2010
176500,9084,1998,3,2,2006
155000,7931,1960,3,1,2008
120000,9576,1945,3,1,2006
319900,7658,2005,2,2,2010
168000,17671,1882,4,2,2009
315000,9200,1998,4,3,2008
148800,5105,2004,2,2,2007
112000,11767,1910,2,1,2007
176000,8029,2005,3,2,2008
176000,12285,1960,3,2,2009
475000,11778,2008,3,3,2008
213000,8749,2003,3,2,2007
188000,9627,1993,3,3,2006
140000,9200,1965,3,1,2008
142000,8450,1968,3,1,2010
126000,10125,1977,4,2,2009
155000,8700,1963,3,2,2008
144000,10044,1968,3,1,2010
203000,8814,2005,3,2,2007
143500,9286,1977,3,1,2009
96000,7550,1920,4,1,2007
174000,8125,1994,3,2,2009
205950,8125,2007,3,2,2008
230500,10400,2001,3,2,2008
264966,12852,2007,3,2,2008
119000,8512,1960,4,0,2006
171925,8857,2006,3,2,2007
194201,3922,2006,2,3,2007
163000,9120,1958,3,2,2008
98600,8500,1961,2,2,2006
203135,19645,1994,3,2,2010
240000,13253,2006,3,3,2008
186000,10420,2009,3,2,2010
144152,3180,2005,2,2,2006
200000,10382,1973,3,2,2009
123000,8660,1900,5,2,2009
200000,8314,1997,3,1,2006
137500,2280,1976,2,1,2006
172500,9802,2006,3,2,2008
278000,5664,2000,2,2,2009
110500,6000,1925,2,2,2006
187000,9291,1993,3,2,2008
375000,7296,2004,1,2,2009
213500,14419,1987,3,2,2009
264561,3982,2006,1,3,2006
136500,8856,1957,3,1,2008
78000,6402,1920,3,1,2009
119500,8927,1977,4,2,2006
114000,8146,1900,2,1,2009
250000,11170,1990,4,2,2006
94500,1680,1972,2,1,2006
130000,2522,2004,3,2,2006
332200,7740,2006,1,3,2006
159000,13695,2004,3,2,2008
317000,9591,2004,4,3,2007
256000,10440,1920,5,2,2008
128500,6490,1983,2,1,2008
116050,9353,1970,3,1,2006
184900,10083,2003,2,2,2009
146000,9278,2007,2,0,2008
199900,11214,1998,4,2,2006
250000,13128,2005,4,2,2006
111250,12735,1972,3,2,2008
140000,3675,2005,2,2,2006
139600,13680,1955,4,2,2009
134500,10205,1962,3,1,2006
116000,9770,1957,2,1,2007
127500,9855,1956,3,2,2009
183500,8244,2004,3,2,2007
274725,23257,2006,3,2,2006
250764,50102,1958,2,2,2006
110000,3500,1947,2,1,2009
213000,9317,1993,3,2,2009
204750,9337,1997,3,2,2007
143195,9216,1975,3,2,2008
180500,14112,1964,3,2,2010
98000,7785,1956,2,1,2008
207000,6289,2005,2,2,2007
170000,13001,1971,2,2,2007
167000,9600,1953,3,2,2009
118000,1680,1972,2,1,2009
167240,3010,2005,2,2,2006
160000,13383,1969,3,2,2009
207500,16321,1957,2,1,2006
340000,16545,1998,3,3,2009
465000,13891,2006,2,3,2006
166500,11875,1999,3,2,2010
157000,10200,1974,4,2,2009
145000,6270,1949,4,3,2007
143000,25095,1968,1,1,2009
183500,8238,1997,3,2,2006
162500,3907,1989,2,2,2010
178740,3072,2004,2,2,2006
117500,9900,1880,5,1,2007
155000,8536,2006,2,2,2007
275000,3842,2004,2,2,2008
200624,32668,1957,4,2,2007
173000,14137,1964,3,3,2008
125000,8521,1967,3,1,2010
257076,9670,1935,4,2,2008
158500,14000,1950,3,1,2009
290000,13262,2003,4,3,2009
162900,6240,1930,3,2,2008
127500,10106,1940,4,0,2008
163000,10197,1961,3,2,2008
148000,11782,1961,3,2,2010
199000,10936,2006,3,2,2006
139000,11616,1962,3,1,2009
138000,8072,1994,3,2,2009
147000,9600,1950,3,1,2009
187687,3710,2007,2,2,2008
240000,9375,1997,4,2,2010
345000,3951,1998,2,2,2008
160000,7200,1967,6,0,2010
118000,12108,1955,4,0,2008
318000,12085,2007,3,3,2007
100500,1890,1972,2,1,2008
138000,2364,1978,3,2,2009
180000,3182,2005,2,2,2009
110000,11475,1958,4,3,2009
226000,10665,2003,3,2,2007
71000,1894,1970,3,1,2006
151000,1950,1980,3,2,2008
179665,17104,2006,3,2,2006
104900,9738,1924,4,1,2006
99900,5470,1958,2,1,2009
200500,18030,1946,3,0,2007
157500,10533,1956,2,1,2006
145000,8250,1964,3,2,2008
332000,10816,2008,3,3,2009
345000,13860,1972,4,2,2009
52500,4118,1941,2,0,2006
150900,12640,1976,4,2,2006
132000,5350,1920,3,1,2008
87000,4388,1930,3,0,2007
125200,6305,1975,3,1,2010
105000,17529,1924,2,1,2006
171000,11070,1988,5,3,2006
115000,2665,1976,3,1,2008
185000,11207,1997,3,2,2006
141000,19138,1951,2,2,2010
122000,9768,1955,2,1,2009
123000,10634,1953,3,1,2009
113500,2205,1973,3,1,2007
140500,9750,1965,4,2,2008
140200,6435,1939,3,1,2006
106500,8339,1959,3,1,2007
235000,10316,2000,3,3,2008
246578,4045,2006,2,3,2006
176000,10237,2005,3,2,2007
169000,14762,1948,2,2,2006
123000,5775,1915,3,1,2009
215000,12209,2001,3,2,2009
81300,6120,1945,1,1,2008
198000,11700,1937,4,1,2008
127000,6882,1914,3,0,2007
128000,7350,1958,3,1,2009
108000,7741,1924,2,1,2006
90350,4280,1913,2,1,2007
240050,8000,1970,4,2,2007
116900,8400,1955,3,1,2007
121500,11341,1957,3,2,2010
127500,9100,1959,2,1,2009
178000,9636,1992,3,2,2009
134500,6600,1982,3,1,2008
110000,9140,1921,2,1,2010
160000,3203,2006,2,2,2010
141000,7945,1959,3,1,2006
97900,6956,1948,3,1,2006
181755,15810,2007,3,2,2007
215000,31770,1960,3,2,2010
170000,2160,1999,3,2,2008
72000,8534,1925,2,0,2006
189500,10179,1997,3,2,2009
207000,14753,1998,3,2,2009
140000,7763,1962,3,2,2008
231713,8368,2006,3,2,2007
225000,12394,2003,3,2,2007
139000,9000,1956,2,1,2008
113000,8480,1945,2,1,2009
132000,8400,1957,3,1,2006
132500,6120,1926,2,2,2007
110000,6120,1930,3,1,2006
217000,12352,1998,3,2,2007
139500,12518,1968,3,1,2009
292500,12511,1978,4,4,2008
160000,63887,2008,3,2,2008
252000,10790,1998,4,3,2007
79275,8172,1955,3,2,2007
209500,7793,1922,3,1,2010
316600,12327,1983,1,2,2009
107400,5790,1915,3,1,2010
138500,8450,1965,3,1,2010
125000,13600,1955,3,1,2006
103000,6978,1926,2,2,2007
309000,13751,2005,3,3,2006
240000,7380,1998,2,2,2009
163000,11500,1967,3,2,2009
250000,11500,1936,3,1,2006
172500,17360,1949,3,2,2010
231000,12961,1993,3,2,2010
191500,5005,1992,2,2,2010
234250,6240,2006,2,2,2008
320000,13286,2007,3,3,2009
122000,16287,1925,3,2,2007
57625,21780,1910,1,1,2009
68500,6324,1927,1,1,2008
50138,8712,1896,3,1,2010
142953,7018,1979,6,2,2009
153000,8750,1955,3,1,2009
240900,7000,2003,3,2,2009
178900,10237,2005,3,2,2007
185000,7200,2006,2,2,2006
149500,7844,1978,3,2,2006
175500,9600,1973,3,2,2007
383000,14418,2007,2,3,2008
130000,5500,1929,3,2,2010
253293,12704,2008,3,3,2009
337000,9430,1999,3,3,2009
150000,9600,1900,3,1,2010
93500,5976,1920,2,0,2006
114000,7506,1925,3,1,2008
139000,10800,1915,4,1,2010
372402,13891,2007,2,3,2008
150000,7200,1955,3,2,2008
145000,7514,1967,3,1,2006
130250,9200,1975,3,1,2008
120875,13052,1965,3,1,2006
118858,7018,1979,4,2,2009
128000,9100,1963,3,1,2008
207000,13053,1923,4,2,2008
207500,10240,1980,3,2,2006
170000,10010,1974,2,2,2006
100000,9825,1965,4,0,2010
156000,7750,1999,3,2,2009
109500,6600,1962,2,1,2009
135000,7390,1955,3,1,2008
266000,8849,2005,2,2,2008
200000,8158,2002,3,2,2007
110000,11800,1949,1,1,2007
143000,9790,1963,3,2,2010
125500,2160,1973,3,2,2006
146000,12436,1957,5,2,2008
140000,8546,2003,2,2,2010
128500,9560,1972,3,1,2006
127000,8050,1967,3,1,2007
745000,15623,1996,4,3,2007
320000,19378,2005,4,2,2006
152500,17979,1968,3,1,2008
285000,10678,1992,4,2,2007
68400,7500,1920,2,2,2010
173500,7697,2007,3,2,2007
110000,8240,1960,2,2,2007
265900,9037,2006,2,2,2007
211500,3782,1981,1,2,2009
410000,10557,1998,4,3,2007
166000,2998,2000,2,2,2006
137900,10680,1951,4,2,2006
164900,6000,1940,3,1,2008
90000,13600,1900,5,2,2007
172000,10090,1963,4,1,2007
179500,8400,1939,4,1,2008
143000,4426,2004,1,2,2010
104900,12513,1920,4,1,2009
133000,9000,1974,4,2,2008
128000,6858,1915,4,1,2010
240000,10000,1995,3,2,2007
289000,15602,1959,1,2,2010
127000,7910,1960,4,1,2008
145000,10246,1965,0,1,2006
410000,14720,1995,4,3,2010
167840,8334,2006,3,2,2007
125000,7200,1976,3,1,2009
282922,15256,2007,3,3,2007
219500,8740,2002,4,2,2007
85000,9259,1927,2,2,2010
263550,11692,1993,3,2,2009
117000,5680,1901,2,1,2007
159000,8000,1959,3,1,2008
136000,10266,1952,4,1,2008
145000,10532,1960,3,2,2008
183000,11184,1998,3,2,2008
143000,9757,1994,3,1,2009
230000,9742,2002,3,2,2008
154000,13250,1978,4,2,2009
348000,9452,1997,3,3,2006
115000,8665,1968,3,1,2007
356000,12469,2006,3,3,2007
418000,13654,2005,4,3,2007
152000,5400,1926,3,1,2007
179900,9928,1915,3,1,2009
222000,4403,2009,2,2,2010
190000,18890,1977,4,2,2007
313000,11050,2000,3,3,2009
105000,5707,1935,3,1,2009
166000,11900,1957,3,2,2008
263000,9375,2003,4,2,2009
120000,8750,1956,3,1,2009
240000,9000,1890,3,2,2010
126175,5820,1955,3,1,2006
55000,11340,1920,2,2,2008
224000,17500,1954,3,2,2009
115000,6000,1948,2,1,2008
118400,8263,1920,2,1,2007
129500,9600,1917,3,2,2008
124000,7450,1956,2,2,2007
145100,10500,1964,3,2,2009
136500,4435,2003,1,2,2008
119000,13587,1958,2,1,2010
180500,10175,1964,3,2,2008
228500,23920,1984,4,2,2007
137000,4960,1930,3,1,2009
275500,10240,2005,3,3,2006
135500,16466,1955,3,1,2008
475000,22950,1892,4,3,2006
149000,11241,1970,2,2,2010
171000,9880,1977,3,1,2008
144000,6979,1980,0,2,2010
133000,8445,1972,2,2,2009
110000,12354,1920,3,2,2009
160000,8094,1910,5,1,2008
150000,8973,1958,3,2,2006
284000,10655,2003,3,3,2009
223000,16381,1969,3,2,2006
192100,11727,1969,3,2,2006
163500,13360,1921,2,2,2009
359900,11577,2005,3,3,2006
115400,14299,1964,3,2,2007
201000,9196,2003,3,2,2010
145000,7175,1990,2,2,2009
166000,3523,2006,2,2,2007
86000,9098,1920,2,0,2007
55993,8712,1952,2,2,2010
58500,8212,1914,2,1,2010
103500,10307,1910,4,2,2009
246000,3811,2004,2,2,2010
248900,10656,2006,3,3,2007
155000,8094,1915,3,2,2009
230000,9066,1999,3,3,2008
139500,9900,1940,3,1,2009
212300,9780,1950,4,1,2007
183500,8076,1993,3,2,2006
135750,8475,1956,2,1,2008
230500,11194,2000,3,2,2006
115000,21750,1960,3,2,2009
171500,10176,1990,2,2,2010
219500,9375,1997,3,2,2009
153337,7018,1979,2,2,2009
252678,8640,2009,3,2,2009
153500,10140,1975,3,2,2006
146000,2308,1976,3,2,2009
221500,11210,2005,3,3,2006
189950,7642,1918,3,1,2007
139950,7875,1961,3,2,2008
135000,8100,1961,3,1,2008
139000,10180,1968,3,2,2008
177500,11249,1995,3,2,2007
197500,10304,1976,4,2,2009
143000,25000,1967,4,2,2007
131000,11800,1974,3,2,2007
46500,7311,1946,1,1,2008
134432,17120,1959,4,2,2008
82000,8400,1950,2,1,2009
137900,7800,1966,3,1,2010
225000,12460,1999,4,2,2008
140000,8400,1968,3,1,2006
236500,5389,1995,2,2,2010
165000,13284,1954,3,1,2008
179781,9803,2009,2,2,2010
398800,12350,2009,3,3,2009
145000,9863,1927,4,1,2007
254000,7379,2000,3,2,2010
113700,2058,1973,4,1,2007
127500,6240,1931,3,1,2007
178900,9680,1967,3,2,2010
202000,9783,1996,3,2,2006
237000,11250,1995,4,2,2006
250000,9605,2006,3,3,2007
158000,9600,1967,3,1,2006
122600,9184,1948,3,2,2008
197500,9360,1972,3,2,2010
184000,10800,1890,5,2,2008
184000,7800,2005,3,2,2006
179900,10357,1990,3,2,2007
128000,6488,1942,3,1,2006
115000,9000,1951,4,0,2006
80900,5150,1910,2,1,2008
165150,10400,1972,4,2,2006
153000,8712,1957,2,1,2009
175000,10050,1966,3,2,2007
415000,14780,2005,2,3,2006
213250,10140,1998,3,2,2009
153500,9129,1977,1,2,2007
159500,7950,1977,3,2,2009
118500,6204,1912,5,1,2006
184000,9120,1925,4,1,2008
215000,11796,2004,4,2,2007
93369,6449,1907,4,0,2010
270000,14536,2002,3,3,2007
287000,15498,1976,2,2,2008
156500,19255,1983,2,2,2009
234000,3196,2003,2,2,2006
64500,10800,1927,4,1,2007
170000,17871,1995,4,2,2007
86900,7008,1900,1,1,2006
105000,7200,1950,2,1,2006
84900,8777,1945,2,1,2010
271500,10440,2005,2,2,2010
183200,7861,2002,3,2,2006
190000,9587,2005,2,2,2008
156000,7930,1969,3,2,2009
206000,12732,1974,3,2,2009
187000,9600,1976,3,2,2007
188500,9547,1993,2,2,2007
315000,10750,1994,3,3,2009
152000,7500,1959,3,1,2007
140000,9170,1965,2,2,2007
151400,3964,1973,5,2,2006
75000,6120,1930,3,1,2006
108000,1680,1972,3,1,2006
455000,13870,2006,3,3,2007
110000,8472,1963,2,2,2010
128000,6000,1936,3,1,2009
155000,9750,1994,3,2,2008
241000,8125,2006,2,2,2009
119164,7628,1940,2,2,2008
82000,10206,1952,2,2,2009
187500,14115,1980,3,2,2009
163900,9125,1992,3,2,2007
147500,12144,1950,3,1,2006
93850,6291,1930,1,2,2008
235000,8470,2002,3,2,2009
123900,6240,1936,2,2,2010
394617,12444,2008,2,3,2008
167900,9650,1977,2,2,2009
229800,8640,2008,3,2,2009
139400,9250,1954,3,1,2007
404000,12350,2008,3,3,2009
159895,3182,2007,2,2,2008
140000,7630,1900,4,2,2010
181000,24682,1999,3,2,2009
160000,7082,1916,5,0,2006
113000,9340,1941,2,1,2009
112000,5175,1958,2,1,2007
183000,11104,1969,4,2,2008
174000,10400,1970,3,2,2008
90000,8550,1926,4,2,2007
171000,9247,1962,4,2,2008
112000,8930,1978,4,2,2010
170000,13041,1995,3,2,2006
94750,10921,1965,3,1,2007
190000,11751,1977,3,2,2010
136500,8400,1925,4,2,2008
214000,9135,2002,3,2,2008
181500,9600,1976,3,2,2007
155000,7590,1966,3,2,2006
119900,8425,1971,2,2,2007
91000,1596,1973,2,1,2009
278000,20355,1967,2,2,2006
170000,11069,2007,3,2,2009
284500,9660,1997,3,2,2008
110500,3880,1945,2,0,2007
259500,7259,1945,3,1,2007
100000,8877,1938,2,1,2009
82500,6845,1955,2,0,2008
185101,9073,2006,3,2,2006
99600,9350,1975,2,0,2008
158000,13072,2004,3,2,2006
168165,13204,2006,3,2,2007
127000,7700,1956,3,2,2006
320000,7390,2008,2,2,2009
311872,9416,2007,3,3,2007
125000,7175,1984,2,1,2010
137000,10890,1938,3,1,2006
417500,13693,2007,4,3,2008
159434,4500,1932,3,1,2009
179900,11049,2007,3,2,2008
119750,6305,1938,2,1,2007
105000,7000,1962,3,1,2006
157000,11880,1978,3,2,2009
129000,7200,1950,3,2,2007
268000,15865,1970,4,2,2007
68104,11067,1939,1,1,2007
106000,8100,1898,2,2,2009
340000,11143,2004,4,2,2007
135000,8064,1948,3,2,2009
262000,12461,1994,2,3,2006
102776,8712,1900,2,1,2010
173000,15263,1959,3,1,2010
209700,10984,2005,3,2,2006
134000,9187,1983,3,2,2007
153500,4500,1998,2,2,2006
127000,7180,1972,3,1,2008
167000,9937,1964,3,2,2009
140000,13384,1969,3,1,2006
137000,7155,1918,3,1,2009
129000,8400,1966,3,1,2007
213000,11050,1996,3,3,2008
128500,5830,1950,3,1,2010
200000,3242,2003,2,2,2007
242000,27650,1960,4,2,2008
236000,8795,2000,4,2,2009
177000,7558,1928,3,2,2009
134450,10011,1957,2,1,2006
64000,11792,1948,2,2,2010
173000,10457,1969,4,2,2009
135000,10320,1906,3,1,2008
227000,10000,2006,3,3,2007
381000,14100,1935,4,3,2008
180000,2998,2000,2,2,2009
165000,8139,1995,3,2,2008
139500,12778,1952,2,1,2006
128000,6300,1914,3,0,2008
256900,10400,1967,5,2,2009
150750,7388,1959,3,2,2007
160000,17400,1977,3,2,2006
158500,9600,1961,3,2,2007
113500,9000,1958,2,1,2009
190000,14803,1971,4,2,2006
150500,8800,1977,3,2,2009
386250,13472,2003,3,3,2009
120000,6000,1929,3,1,2008
130000,16300,1977,3,1,2007
134000,2522,2004,3,2,2006
141500,6720,1921,3,1,2007
108000,11040,1920,3,1,2006
275000,6563,1985,2,2,2006
169000,8773,1997,3,2,2007
165000,10184,1963,3,1,2006
130000,12774,1953,2,2,2008
215000,15600,1950,5,2,2010
113000,9000,1969,3,1,2009
167900,9760,1964,4,2,2008
125000,11340,1923,4,1,2006
209500,4590,2006,2,2,2007
193000,9179,1999,3,2,2008
165000,10592,1923,3,1,2007
256300,14230,2007,3,3,2009
152000,7500,2006,3,2,2009
317500,12704,2007,3,3,2008
128000,8012,1980,2,1,2007
235000,25419,1918,4,2,2006
250000,3811,2004,2,2,2008
153000,9600,1955,3,1,2010
181000,9316,2005,3,2,2006
202500,6442,2006,2,2,2007
165000,8850,1920,3,2,2007
99800,10410,1930,2,1,2006
114500,10150,1958,2,1,2007
123000,9825,1966,3,1,2008
141000,8499,1961,3,2,2009
130000,12198,1955,3,1,2007
152000,10793,1969,4,2,2007
157500,11650,1959,2,2,2006
172500,3230,1999,3,2,2009
239500,8013,1995,2,2,2009
362500,13143,1993,4,3,2010
172000,7175,1990,2,2,2006
142500,13072,2005,3,2,2006
305000,4109,1999,2,2,2008
221370,6240,2006,2,2,2007
157500,10440,1904,3,2,2008
78000,8520,1916,2,0,2006
170440,10237,2005,3,2,2006
145000,13015,1996,3,2,2006
235000,13500,1960,1,2,2008
129000,9900,1910,3,0,2009
405000,9233,2000,4,3,2006
168500,8530,1995,3,2,2009
186500,9750,2004,3,2,2008
84500,1936,1970,1,0,2007
146300,4043,1975,2,2,2006
277000,159000,1958,4,2,2007
173000,8366,2004,3,2,2008
280000,14154,2006,3,3,2007
85000,10320,1912,1,2,2008
156000,13568,1995,3,2,2006
239799,8760,2006,3,3,2006
113000,5000,1926,3,1,2008
192140,21930,2005,4,2,2006
184500,5122,2005,1,2,2009
137450,6171,1925,3,1,2009
299800,8963,1976,4,2,2008
112500,6390,1954,2,1,2008
219500,13125,1940,3,1,2007
306000,11478,2007,3,3,2010
130000,9858,1968,3,1,2009
154500,8414,1963,3,1,2006
112000,8780,1985,3,0,2009
260116,16659,2007,3,2,2007
204000,7321,1999,3,2,2007
122900,8064,1949,3,2,2007
290941,12883,2009,3,3,2010
153000,9532,1953,3,1,2007
80400,4800,1900,3,1,2010
130000,10267,1918,2,1,2008
93000,6000,1924,3,1,2009
113000,6120,1939,2,1,2007
107000,9906,1925,3,1,2006
249000,8251,2005,3,2,2007
139000,9600,1958,3,1,2009
155000,10170,1951,2,2,2006
301000,10380,1986,4,2,2007
139500,6000,1915,4,1,2008
145000,10265,1967,3,1,2008
154000,11700,1968,4,2,2009
85000,2592,1976,3,1,2010
126000,6000,1967,3,1,2008
145500,3675,2005,2,2,2009
259000,14572,2004,3,3,2007
63900,9000,1947,2,0,2009
162000,9830,1959,3,2,2010
194000,8556,2006,2,3,2007
294464,3843,2007,2,2,2008
212900,10084,2005,3,3,2006
260400,10593,1996,3,2,2010
187100,16285,2001,3,2,2009
255000,12671,1954,4,2,2007
145000,3675,2005,2,2,2006
85400,1680,1971,2,1,2008
172400,8121,2000,3,2,2006
115000,7150,1955,4,1,2007
105000,1974,1973,2,1,2008
367294,8769,2008,1,3,2008
192000,3182,2004,2,2,2010
200500,8750,1998,3,2,2010
248000,29959,1994,3,2,2009
104000,5520,1912,5,0,2009
164000,11700,1968,3,2,2007
135000,10152,1956,3,1,2007
126500,8892,1960,3,2,2007
144000,9525,1995,3,1,2008
132000,10441,1992,3,0,2006
309000,13418,2004,4,3,2006
144900,9239,1963,3,1,2008
116000,8892,1953,3,2,2008
202665,6792,2005,2,2,2006
244000,13651,1973,3,2,2007
113500,11625,1967,3,1,2009
182000,11679,1962,3,2,2006
175000,12243,1971,3,2,2007
109900,7200,1950,2,2,2006
179000,9024,2004,3,2,2008
160000,10147,1994,3,2,2007
158000,12250,1978,3,2,2008
97000,12702,1956,2,1,2008
165250,6960,1940,2,1,2007
168000,10364,1995,3,2,2007
13100,14584,1952,2,2,2008
133500,8638,1963,2,2,2006
232500,11202,2003,3,2,2008
195000,7915,1999,3,2,2008
139000,11625,1983,2,1,2007
146000,3180,2007,2,2,2008
204000,9839,1980,3,2,2009
107000,8707,1924,4,1,2006
171500,10125,1977,3,2,2008
120500,6960,1970,3,2,2009
162000,12936,1972,3,2,2009
240000,12118,2004,3,2,2009
93000,6000,1953,2,2,2009
451950,13478,2008,3,3,2009
169000,9638,1919,4,1,2010
167500,9300,1960,3,2,2010
120000,8700,1961,3,1,2007
100000,7446,1941,2,0,2006
179400,2280,1999,3,2,2008
124900,7200,1972,2,1,2008
172000,14267,1958,3,1,2010
241600,15417,1981,2,2,2009
140000,6565,1957,3,2,2007
285000,9892,1994,3,2,2010
260000,14330,1974,3,2,2006
591587,51974,2006,4,3,2007
205000,8145,1940,5,2,2009
237000,9548,2003,3,2,2010
249000,12388,1980,4,2,2009
133500,11050,1956,2,1,2006
224900,8158,2003,3,2,2008
213000,8400,2004,3,2,2010
130000,15660,1910,3,2,2009
215000,7020,1997,2,4,2006
178000,9206,1985,3,2,2010
224500,9069,1993,2,4,2006
170000,9434,2004,3,2,2009
217000,9236,1997,3,2,2006
176000,7875,1995,3,2,2007
185485,3710,2007,2,2,2007
184000,12416,1986,3,2,2008
155000,13125,1957,3,2,2006
145000,8385,1978,4,2,2006
179200,8012,1992,2,2,2007
466500,11400,2001,2,3,2007
206000,6762,2006,2,2,2010
137900,2349,1977,3,2,2009
189000,8529,2001,3,2,2009
147000,8872,1965,2,2,2008
119000,6000,1926,2,1,2009
190000,9620,1977,3,2,2010
160500,4500,1997,2,2,2008
118000,9405,1947,2,0,2009
141000,7500,2004,3,0,2008
163000,14330,1975,2,2,2008
116000,8248,1918,3,1,2006
538000,53504,2003,4,3,2010
199900,4274,2006,1,2,2007
143000,9000,1920,3,2,2009
226500,9938,1994,3,2,2008
135000,9723,1963,2,2,2006
131250,7706,1993,2,1,2009
755000,21535,1994,4,3,2007
139500,7733,2005,3,0,2006
105500,2760,1973,3,2,2006
225000,10762,1999,3,2,2009
145000,10482,1958,3,1,2007
105900,8520,1928,2,2,2010
143000,14115,1993,1,2,2009
144000,9503,1958,2,1,2007
135000,8125,1965,3,2,2008
220000,9317,1994,3,2,2007
194000,12400,1940,2,1,2006
250580,8640,2007,3,2,2008
149700,7407,1957,2,2,2010
128900,9600,1956,2,1,2009
361919,12438,2006,4,3,2006
170000,2645,1999,3,2,2008
156500,8000,1960,3,1,2007
305900,10386,2004,3,3,2007
82500,5330,1940,2,0,2009
98000,5604,1925,2,0,2008
207000,11690,1999,3,2,2008
202500,13200,1963,5,2,2007
195500,9535,1998,3,2,2008
121000,1612,1980,2,2,2009
181000,17043,1979,3,2,2009
215000,16196,1998,3,2,2007
176432,9317,2006,3,2,2007
130000,7130,1967,2,1,2009
106500,1533,1970,2,1,2007
34900,7879,1920,2,0,2009
220000,8814,2006,3,2,2009
218689,12018,2008,3,3,2008
144750,7570,1964,4,2,2009
185000,8450,2003,3,2,2007
180000,19900,1970,3,2,2010
110000,13560,1968,2,2,2009
157900,26142,1962,3,1,2010
159500,10800,1890,3,2,2007
210000,9928,1991,3,2,2007
301500,14303,1994,2,2,2008
142500,7937,1984,3,2,2006
169000,9856,1900,5,2,2006
91300,5784,1938,2,1,2009
103400,1680,1973,2,1,2008
260261,11830,2007,3,3,2007
188500,16219,2004,2,2,2007
128500,8300,1968,3,1,2007
125500,7200,1938,2,1,2006
198600,8640,2006,2,2,2006
232000,11957,2006,3,3,2008
167800,8918,2005,3,2,2009
141500,9600,1960,3,2,2008
176500,2280,1999,3,2,2007
202000,8098,2000,2,2,2006
146800,11333,1976,3,2,2007
130500,11767,1946,3,1,2008
290000,11929,1995,4,3,2008
156000,10289,1965,3,2,2007
161000,10544,1969,5,1,2010
135000,7000,1960,2,1,2007
149000,12450,2003,3,2,2007
163990,8461,2005,3,2,2006
137000,10519,1955,3,1,2006
198444,9729,2006,3,3,2007
298751,11449,2007,3,2,2008
232600,11216,2006,3,2,2006
269500,7939,2000,6,4,2009
421250,16900,2001,4,3,2008
155891,8842,1954,3,1,2010
108500,10042,1920,2,1,2007
261500,11885,2001,3,2,2009
177000,2980,2000,2,2,2010
82000,6012,1955,2,0,2008
383970,9965,2007,4,3,2007
109500,4485,1920,2,0,2010
206000,3880,1978,1,2,2010
150000,9019,1994,3,2,2006
189000,9842,1921,4,2,2008
79500,1526,1970,3,0,2006
180000,22136,1925,5,3,2006
168500,2117,2000,2,2,2007
72000,9000,1919,2,0,2006
136500,11100,1951,4,1,2007
200000,10896,1914,8,0,2007
129900,4224,1976,3,2,2007
130000,6760,1962,3,1,2007
139400,7449,1930,3,1,2007
113000,4456,1920,2,0,2009
233000,10142,2004,4,2,2010
132500,10780,1976,3,2,2006
239000,22420,1918,4,3,2007
260000,16059,1991,4,2,2006
102000,8877,1951,2,2,2006
178000,8174,2003,3,2,2009
179600,8500,2004,3,2,2007
138000,9650,1923,4,2,2008
137000,3612,1993,3,2,2006
67000,8248,1914,2,0,2008
230000,8239,1986,2,1,2006
135000,6500,1976,3,2,2008
328900,5119,1999,2,2,2008
80500,6240,1947,2,0,2006
277500,7313,2005,2,2,2007
114000,4571,1910,3,2,2007
176000,13811,1987,2,2,2006
112500,15783,1952,2,1,2007
97000,1680,1972,2,1,2009
97500,5852,1902,6,0,2009
177000,2117,2000,3,2,2007
217500,8826,2000,3,2,2007
290000,12257,1995,4,3,2007
149500,2544,2004,2,2,2010
106900,5870,1900,3,1,2008
556581,16056,2005,4,3,2006
105000,6120,1931,2,1,2009
131000,26400,1880,4,2,2009
90000,10791,1967,2,2,2006
225000,9158,2007,3,2,2007
173000,10852,2000,3,2,2006
104000,7801,1951,2,1,2008
132000,13300,1956,2,1,2007
181900,14585,1960,3,2,2007
108000,8382,1956,3,1,2010
119200,11664,1948,2,1,2007
80000,27697,1961,3,1,2007
157000,5500,2004,2,1,2006
301600,21281,1935,4,3,2007
110000,10440,1910,2,2,2009
323262,10933,2009,1,3,2009
95541,12900,1920,3,2,2008
93900,1495,1970,3,0,2007
148000,10800,1895,3,0,2007
98000,1477,1970,3,0,2008
124500,10447,1984,3,1,2007
378000,14828,2004,2,3,2006
124500,7596,1952,4,2,2009
290000,9950,1995,4,3,2007
127000,7500,1947,3,2,2006
160000,9600,1940,2,1,2009
248500,9345,2007,3,3,2008
160000,6300,1938,3,1,2009
212500,10307,2007,2,2,2009
128000,6000,1939,3,1,2007
183500,12150,1979,2,2,2007
104500,8626,1956,2,1,2007
192000,9760,1963,2,2,2010
205000,7264,1925,3,2,2009
202500,14145,1984,3,2,2006
98000,4571,1916,4,3,2008
126000,8400,1970,2,2,2010
170000,16905,1959,2,1,2007
151500,11850,1984,3,2,2007
180000,8637,1999,3,2,2007
163000,9600,1969,3,2,2009
204000,9303,1996,3,2,2007
177900,14137,1996,3,2,2008
200000,2645,1999,3,2,2008
100000,1680,1973,2,1,2008
149900,2280,1975,3,2,2010
145250,11600,1960,3,1,2006
136500,10659,1961,3,1,2006
109900,7162,1966,3,1,2008
275000,11520,2005,3,3,2010
185000,11358,1972,3,2,2007
90500,1936,1970,3,0,2006
80000,10818,1910,4,2,2006
373000,17778,1981,2,2,2007
372000,13615,2006,3,3,2007
177500,8970,1965,4,2,2009
188000,10110,2003,3,2,2008
184000,5858,1999,2,2,2010
324000,13514,2008,3,3,2009
187000,14175,1956,3,1,2007
195400,6762,2007,2,2,2007
168000,7848,1999,3,2,2009
139000,10836,1922,3,4,2008
140000,9000,1946,3,3,2008
252000,39384,1957,1,2,2006
153000,7703,1978,3,2,2008
107900,6000,1954,2,1,2008
144500,11479,1950,3,1,2010
160000,8250,1981,4,2,2009
250000,12606,2007,3,3,2009
213500,9245,2006,3,2,2007
165000,9150,1962,3,1,2008
170000,9260,2007,3,2,2008
58500,3300,1910,2,0,2009
117000,6000,1925,3,1,2009
167000,21299,1941,3,3,2006
222500,9505,2001,3,2,2010
156500,8400,1957,3,2,2009
162500,11120,1984,3,2,2008
192000,8749,2002,3,2,2007
227000,8400,2001,3,2,2009
112500,6000,1957,3,1,2008
80000,9000,1959,3,0,2008
137000,9724,1947,2,1,2006
81000,8410,1910,5,0,2006
172500,3922,2006,2,3,2007
147000,10690,1920,3,1,2009
168000,14175,1956,3,2,2006
139000,7350,1951,2,2,2008
117000,10998,1941,3,2,2009
109500,7200,1954,2,1,2008
190000,18800,1976,3,2,2006
198000,8772,2005,3,2,2006
133700,7560,1959,3,1,2006
545224,18062,2006,5,3,2006
163500,12155,1970,3,2,2007
189000,14565,1994,3,2,2008
127000,2665,1977,4,1,2006
93000,6000,1954,3,1,2009
153000,10152,1956,3,1,2006
272000,12227,1977,4,2,2008
150000,6120,1938,3,1,2009
55000,3636,1922,2,0,2008
112000,7000,1924,2,1,2006
200825,8125,2005,3,2,2006
468000,11128,2005,2,3,2009
171000,8400,1980,3,2,2010
116500,7518,1910,3,1,2006
153900,12665,1915,4,3,2008
242500,23580,1979,3,2,2006
155000,7200,1936,3,2,2009
125600,5190,1948,2,1,2008
213000,12299,1978,3,2,2007
90000,7200,1930,3,1,2006
271000,10944,1994,3,2,2008
122500,10895,1955,3,1,2010
114504,3600,1910,3,1,2006
134900,7252,1982,2,2,2009
76000,1476,1970,3,0,2010
213500,4920,2001,2,2,2010
75000,10200,1925,2,1,2009
239900,9178,2008,3,3,2009
134900,6000,1937,2,2,2009
197000,15863,1920,5,2,2009
174000,3684,2007,2,3,2009
12789,9656,1923,2,2,2010
134800,7200,1951,3,2,2010
157500,9350,1964,4,2,2006
213000,6904,2005,2,2,2009
245000,15896,1999,4,3,2009
238000,7230,1927,4,2,2007
190500,8450,2001,3,2,2008
114000,9143,1900,2,1,2008
98500,8741,1946,4,0,2007
214000,14598,2007,4,3,2008
255000,11367,2002,3,2,2006
231500,12435,2001,3,2,2008
175900,7153,1992,3,2,2006
132000,6240,1939,4,1,2007
160000,10784,1991,3,2,2007
207500,5062,1984,3,2,2007
370967,8232,2007,2,3,2008
87000,9439,1930,2,1,2007
233555,13377,2006,3,2,2006
75000,2001,1970,3,1,2007
176000,7500,2005,3,2,2006
375000,5568,2006,2,2,2007
119500,2394,1973,2,1,2010
350000,8834,2004,4,3,2009
187500,12205,1966,5,2,2007
255000,10530,1993,3,2,2007
275000,12800,1989,2,2,2009
131000,10164,1939,3,1,2006
118500,7943,1961,3,1,2007
107500,7000,1910,3,0,2008
173000,9130,1966,4,2,2008
148000,3675,2005,2,2,2008
215000,10612,2006,3,2,2007
122000,9819,1967,3,1,2010
177000,11512,1959,2,1,2008
230000,11435,1929,3,2,2006
149300,4426,2004,1,2,2008
165000,15400,1961,4,1,2009
154000,10512,1954,3,1,2007
133000,7920,1970,3,1,2007
184500,13300,2004,3,2,2010
186800,11024,2005,3,2,2006
111000,4800,1910,2,1,2008
119500,9758,1971,3,1,2007
159000,9786,1962,3,2,2006
157000,7200,1920,4,2,2006
500067,17169,2007,2,3,2007
116000,11556,1952,2,1,2008
212500,18837,1978,3,2,2010
149900,9525,1953,5,1,2006
196000,9819,1977,2,2,2009
260000,9900,1993,4,3,2009
360000,10481,2006,3,3,2007
188500,5950,1989,2,2,2008
170000,13355,1971,4,2,2008
108000,10200,1940,2,1,2008
230000,13774,1977,4,2,2009
175000,12886,1963,3,2,2009
394432,11394,2010,1,3,2010
106000,1869,1970,2,1,2008
147000,10970,1978,3,2,2008
185850,7052,2005,2,2,2006
104000,4853,1924,2,1,2010
162000,9610,1958,3,2,2006
335000,11308,2008,3,3,2009
108000,7425,1945,3,1,2008
129500,7599,1982,2,2,2007
200000,11643,1969,6,4,2009
88000,1680,1971,3,1,2010
79000,5940,1946,2,1,2008
85000,7200,1910,2,1,2009
173000,9360,1977,2,2,2009
150909,9060,1923,3,0,2007
114900,6048,1910,2,2,2010
176500,11029,1958,3,2,2008
146000,3604,2007,2,2,2008
130000,10820,1971,2,2,2006
161000,9200,1965,3,2,2007
83500,1974,1973,3,1,2010
131400,10000,1961,3,1,2009
120000,9981,1967,3,1,2008
318061,7820,2007,2,2,2007
193000,7415,2004,3,2,2008
283463,15306,2006,3,3,2007
124500,13008,1956,2,1,2009
197000,11584,1979,3,2,2007
159500,10032,1959,3,2,2010
168000,32463,1961,3,4,2007
184500,10530,1975,3,2,2006
287500,10010,1993,4,3,2008
230000,12420,2001,3,2,2009
170000,9157,2003,3,2,2009
274000,12677,2003,1,2,2008
282500,5911,2005,2,2,2006
144900,10200,1954,3,2,2010
78500,10800,1890,1,1,2009
156500,7200,1910,4,2,2009
180000,5070,1992,2,2,2008
134000,4224,1976,3,2,2007
423000,20896,2005,1,3,2006
119000,7200,1940,2,1,2010
159000,13300,1956,2,2,2006
191000,11526,1922,3,2,2008
193879,6762,2006,2,2,2006
176000,9900,1968,4,2,2008
149900,12537,1971,3,2,2010
180000,11200,1985,3,2,2006
135500,6000,1955,3,2,2006
186700,35133,1963,3,3,2007
119600,8250,1895,4,0,2007
178000,9100,2001,3,2,2009
120000,7400,1962,3,2,2006
222000,21695,1988,3,2,2009
124000,7000,1962,3,0,2006
165500,9000,1958,4,1,2008
189000,8400,1996,3,2,2009
280000,12011,1998,3,2,2006
81500,31250,1951,3,1,2006
150000,11988,1957,3,1,2007
220000,7500,2000,3,2,2009
129000,10751,1974,2,2,2007
217000,11750,2005,3,3,2007
258000,12090,1998,4,2,2006
112500,7700,1972,3,2,2007
84900,11100,1946,2,1,2010
102000,6180,1926,2,1,2007
125500,6173,1967,3,1,2007
208000,13607,1986,3,2,2009
345474,14333,2007,2,3,2007
137000,9462,1949,3,1,2006
169900,12328,1976,3,3,2010
287000,9240,2001,3,2,2008
195000,21780,1920,3,1,2006
148000,7917,1976,3,1,2007
124000,5000,1941,3,1,2008
425000,12633,2007,2,3,2009
237000,9473,2002,3,2,2008
142900,10410,1915,3,2,2009
124000,1300,1980,2,2,2009
260000,13005,1980,4,2,2009
164500,3951,2009,2,2,2009
255000,12000,1980,3,2,2007
175000,15611,1977,3,2,2008
272500,11422,2007,3,2,2009
165500,9101,1978,1,2,2009
118000,1680,1972,3,1,2006
100000,8520,1923,2,2,2007
178000,12090,1984,3,2,2007
129000,9873,1970,3,2,2006
110000,9450,1954,3,2,2007
112000,25339,1918,3,2,2007
148325,7040,1979,2,2,2009
221300,8778,2006,3,3,2007
200000,12798,1997,4,2,2008
148000,15312,1960,3,2,2009
206580,10936,2006,3,2,2007
325000,13500,1893,3,2,2008
123000,11677,1966,3,1,2007
233230,15611,2006,3,2,2006
385000,14803,2007,2,3,2008
186500,8125,2005,3,2,2006
115000,31220,1952,3,2,2008
241500,39104,1954,2,2,2008
129000,6970,1961,3,2,2007
260000,11645,2005,3,2,2006
146500,11836,1970,4,3,2006
164500,10140,1967,3,2,2006
142125,9717,1950,2,1,2010
169500,7758,1931,4,1,2007
321000,10236,1994,4,3,2006
198500,7301,2003,4,2,2009
372397,13758,2005,2,3,2006
129900,6120,1931,2,2,2008
185000,14067,1991,3,2,2008
191000,7500,1998,3,2,2009
181000,10839,1997,3,2,2008
149000,4438,2004,1,2,2008
118900,7200,1952,2,1,2009
200000,6762,2007,2,2,2009
174850,9736,1957,4,2,2007
142000,15428,1951,2,1,2006
132000,6120,1929,2,2,2007
149000,7669,1992,2,2,2009
227000,14670,1966,4,2,2008
129900,9100,1958,3,2,2006
135000,6125,1939,3,1,2007
136000,8050,1959,3,1,2010
136500,10778,1968,4,0,2010
202500,6955,2005,2,2,2006
173000,9248,1992,3,2,2009
155500,7200,1915,3,2,2006
270000,11792,2003,4,3,2009
152000,7903,1960,3,1,2007
216000,7500,2000,3,2,2010
99500,8520,1923,2,1,2009
290000,9205,1990,4,2,2008
150000,11136,1964,4,2,2006
279500,12782,2002,3,2,2009
125500,6600,1962,2,1,2007
99900,3153,1920,2,1,2007
175900,10000,1993,3,2,2010
155000,10000,1974,3,2,2006
188000,7810,1930,4,1,2007
294900,11645,2005,2,3,2006
214000,4379,2004,2,2,2007
125000,7440,1954,3,1,2009
161000,9600,1928,3,2,2008
149000,6876,1927,4,1,2009
205000,13600,1965,3,2,2009
190000,3515,2004,2,2,2010
148000,8846,1996,2,2,2006
116500,7207,1958,2,0,2010
354000,12099,2004,4,3,2007
204000,10335,1999,3,2,2009
173500,10114,2004,3,2,2010
155000,8640,1968,4,2,2006
294323,9512,2005,3,2,2006
73000,5232,1925,2,2,2008
120500,9000,1971,3,2,2007
125000,16012,1954,3,2,2006
212000,6820,1985,1,2,2010
157000,15750,1953,2,1,2006
239686,12822,2003,1,2,2009
94000,6342,1875,2,0,2010
138500,12172,1940,2,2,2007
158900,11616,1978,3,2,2010
145000,34650,1955,3,2,2006
150000,24572,1977,3,3,2008
125000,10950,1952,2,2,2007
239500,9828,1995,3,2,2009
238000,13125,1991,4,3,2007
236500,11838,2001,3,2,2009
162500,8723,1969,3,2,2007
175000,11700,1968,3,2,2007
208300,7862,2009,2,2,2009
120000,6000,1940,3,1,2008
213750,3840,1978,1,2,2007
172500,16500,1971,3,2,2009
128000,6000,1940,3,2,2010
130000,8513,1961,6,0,2008
127000,5000,1924,3,1,2010
156450,9750,1977,2,1,2009
183600,7488,2005,2,2,2006
129200,8789,1967,3,1,2006
220000,11088,2002,1,2,2006
212700,8640,2007,3,2,2008
121000,9888,1954,2,1,2006
184000,9109,1994,3,2,2009
129000,5868,1956,2,1,2010
148800,10710,1966,3,2,2009
155000,14680,1960,2,1,2009
225000,15593,1953,3,2,2006
189500,7984,2004,3,2,2009
146000,8428,1994,3,1,2007
338931,13440,2006,4,3,2007
275000,10927,2005,3,2,2006
268500,10566,1999,3,3,2006
145000,8969,1926,2,1,2008
185000,10126,1997,2,3,2008
76000,9000,1928,2,2,2009
125000,9600,1925,3,1,2007
178400,12122,1961,3,2,2008
165000,10140,1974,3,2,2009
150000,9991,1976,3,2,2009
110000,7340,1971,2,1,2007
142500,9000,1966,3,1,2006
144000,8731,1920,3,2,2007
160000,8658,1965,3,2,2006
169500,7590,1962,4,1,2007
137000,9142,1910,4,1,2006
319900,8035,2006,2,2,2007
295493,10226,2008,3,3,2009
185000,13500,1879,3,2,2007
108500,6000,1920,2,1,2007
216837,9100,2004,3,2,2006
194500,10832,1994,3,2,2008
180000,14250,1957,3,2,2008
142000,12160,1959,3,2,2010
106000,10800,1920,2,2,2009
108480,5400,1921,2,1,2006
145000,8400,1957,3,1,2010
129800,8550,1934,2,1,2006
140000,4043,1977,2,2,2008
137500,8243,1961,3,2,2007
462000,14257,2007,4,3,2009
174000,8991,1976,3,2,2007
250000,10732,2006,3,3,2007
162000,10778,1990,1,2,2009
105000,10410,1915,3,3,2006
110000,7015,1950,3,1,2009
122000,5250,1872,4,0,2008
149900,17755,1959,3,2,2006
266500,9042,1941,4,1,2010
130000,9000,1971,3,2,2009
127000,6897,1962,3,1,2010
437154,20431,2005,4,3,2006
430000,12692,1992,4,2,2007
300000,3842,2004,2,2,2006
128000,9920,1954,3,1,2010
172500,2645,1999,3,2,2009
131750,6400,1959,2,1,2007
99500,7892,1979,2,1,2010
256000,53227,1954,2,2,2008
171750,3136,2003,2,2,2006
146000,9230,1965,1,2,2006
145000,11040,1971,3,2,2008
119000,5400,1920,3,1,2009
129400,6000,1905,3,0,2008
138000,6723,1971,2,0,2007
301000,8010,2003,3,2,2007
215000,8658,2000,3,2,2006
156820,3010,2005,2,2,2006
134000,8250,1968,3,1,2008
194000,16157,1978,2,2,2007
116900,5700,1926,2,1,2008
200000,9135,2003,3,2,2006
279000,20064,1976,0,2,2007
200000,10928,1978,3,2,2009
105000,9492,1941,3,1,2007
130000,6953,1971,3,1,2010
150000,10890,1923,6,0,2007
124900,6060,1930,2,1,2007
130500,6600,1982,3,1,2008
297900,9428,2007,3,3,2008
190000,36500,1964,4,2,2006
135000,9600,1949,2,2,2007
147000,9510,1962,3,1,2006
405749,13162,2006,3,3,2006
123000,6240,1929,2,1,2008
202900,14191,2002,4,2,2010
161500,8872,1997,3,2,2007
125000,9100,1963,6,2,2006
127000,7742,1966,3,1,2007
155000,4113,2001,2,2,2007
138000,14190,1890,3,0,2007
161750,10900,1977,3,1,2010
129500,7244,1970,2,2,2007
109900,4800,1916,2,2,2007
127000,7936,1963,3,1,2009
112000,8926,1956,3,1,2009
140000,5700,1929,3,2,2007
135000,8267,1958,4,2,2010
131000,6860,1956,3,1,2007
294000,17542,1974,3,2,2007
294000,11563,2006,3,3,2008
214900,11316,2002,4,2,2010
132000,8000,1948,2,1,2009
144000,9240,1962,2,2,2006
124100,9316,1965,3,1,2009
205000,10603,1977,3,2,2010
234500,8736,2003,3,2,2009
137250,7832,1968,2,1,2010
124900,8820,1890,2,2,2009
89000,1680,1972,2,1,2006
149900,2544,2005,2,2,2006
145000,9245,1994,3,2,2008
279900,11800,2003,5,2,2007
222500,11404,1998,3,2,2008
111500,5520,1920,4,1,2006
195000,8935,2002,3,2,2009
87000,5000,1925,2,1,2010
240000,10905,2003,4,2,2008
251000,10125,2000,3,3,2009
200000,7755,1918,4,1,2007
168000,7655,1993,3,2,2007
142250,9600,1966,3,2,2010
115000,10434,1955,2,2,2009
136905,11500,1976,4,2,2007
244000,11160,1968,3,2,2010
205000,8880,1994,3,2,2010
175000,7917,1999,3,2,2007
174000,11911,2005,3,2,2009
195500,9978,1998,3,2,2010
137500,9373,1953,3,2,2008
205000,13680,1940,2,2,2009
328000,14000,1996,3,2,2010
615000,12720,2003,1,3,2008
114000,11200,1964,3,2,2010
217000,21000,1953,3,2,2007
171900,4017,2006,2,2,2008
315000,12585,1993,3,3,2006
147500,15564,1914,3,2,2008
138000,6600,1982,2,2,2008
170000,17920,1955,3,2,2006
178000,7777,1996,3,2,2007
107000,8900,1966,2,1,2006
184900,10337,1910,3,2,2007
157000,8286,1977,3,2,2007
127500,6000,1927,3,2,2007
384500,12191,1997,4,3,2007
65000,12205,1949,5,0,2008
224000,14778,1954,3,2,2008
124000,8944,1967,4,3,2009
330000,9763,1998,1,1,2007
165400,6931,2003,3,2,2008
218500,10456,1967,4,2,2010
290000,4385,2001,2,2,2008
260000,23595,1979,0,2,2010
221500,8987,2005,2,3,2010
111500,7745,1900,4,2,2006
182000,11075,1984,3,2,2007
193000,10628,2004,3,2,2009
84900,13260,1962,6,0,2010
180000,11317,2003,3,2,2007
89900,10122,1948,1,1,2008
225000,3072,2004,2,2,2006
89500,4480,1922,2,1,2007
279000,13215,2004,3,3,2006
282000,11305,2002,2,3,2007
130000,22692,1953,3,2,2007
257500,12891,2002,4,3,2009
192350,10400,1979,2,2,2007
210000,14210,1930,3,2,2006
145000,7136,1946,4,2,2007
188900,10530,1978,4,2,2006
330000,9044,1996,4,3,2007
234000,10918,1926,3,1,2009
176000,12090,1981,3,2,2007
146900,9743,1969,3,2,2008
205000,10480,1976,4,2,2008
173500,8633,2005,3,2,2009
119000,6000,1924,2,2,2008
167000,9045,2005,3,2,2007
180500,11851,1990,3,2,2009
147900,16561,1996,3,1,2007
115000,10500,1971,3,0,2010
160200,3182,2005,2,2,2009
252000,10574,2005,3,3,2009
146500,9720,1910,4,3,2009
216500,7851,2002,4,2,2010
144000,10400,1956,3,1,2009
82000,8154,1941,1,1,2010
167000,10368,1964,3,2,2006
127500,7200,1954,4,1,2008
143000,8163,1959,3,1,2006
159000,9500,1963,3,2,2009
125000,7094,1966,3,1,2007
140000,7056,1963,4,2,2008
110000,9477,1966,3,1,2008
159000,7700,1985,4,2,2010
320000,13650,2002,3,3,2010
155000,4420,1980,1,2,2010
207000,8198,2004,2,2,2008
175000,8285,1992,3,2,2008
457347,16023,2005,3,3,2006
193800,3784,2006,2,2,2007
181000,8063,2000,3,2,2007
291000,11000,2000,4,3,2008
99000,7000,1961,3,1,2007
310000,11003,2008,3,3,2009
225000,11454,1995,3,3,2008
160000,8800,1964,3,1,2006
177625,13495,1956,3,2,2009
165000,12102,1976,3,2,2008
334000,11025,1992,3,3,2006
355000,17433,1998,4,3,2010
220000,33120,1962,5,2,2006
135000,10454,1957,3,1,2009
285000,11134,1992,4,3,2010
190000,9671,1969,6,3,2009
140500,14357,1961,2,2,2007
90000,6410,1958,3,0,2010
209500,4590,2006,2,2,2007
166000,7250,1993,3,2,2009
119900,10926,1959,6,0,2009
127000,8540,1956,3,1,2007
144100,8398,1910,3,2,2007
125000,9750,1958,3,2,2006
116000,10320,1915,3,1,2009
219500,8200,2003,4,2,2007
135000,9600,1951,3,1,2006
259000,14122,2005,3,3,2010
118500,11841,1990,3,0,2007
122000,3068,1920,3,1,2010
208500,8450,2003,3,2,2008
279500,10652,2006,3,3,2007
215200,8640,2009,3,2,2010
143000,10355,1967,3,1,2007
270000,13108,1994,4,2,2006
190000,16492,1966,2,2,2010
131000,11409,1949,3,1,2009
183850,39290,2008,2,3,2007
235500,10820,1999,3,2,2007
135000,5160,1927,3,1,2009
153000,12450,2003,3,2,2009
181900,10825,1983,3,2,2008
115000,8500,1919,3,0,2007
160000,10000,1962,3,2,2010
147000,9069,1992,2,2,2010
109500,6130,1924,2,0,2008
137500,6120,1920,4,1,2007
233170,9541,2009,3,2,2009
127500,4347,1910,3,1,2008
228500,9375,2002,3,2,2007
79500,9100,1930,2,1,2008
35000,8088,1922,1,1,2006
267000,16226,1998,4,2,2007
360000,11578,2008,3,3,2009
175000,10021,1997,3,2,2007
180500,9600,1976,4,2,2009
535000,16052,2006,4,3,2006
88000,6120,1925,3,1,2006
174000,2645,1999,2,2,2007
179000,10800,1987,3,0,2009
167900,10140,1974,3,2,2009
83000,10625,1920,2,1,2010
145000,8393,1959,4,2,2006
85000,5925,1900,3,1,2007
224900,12137,1998,3,2,2010
172500,11184,1978,3,2,2009
168675,8333,2006,3,2,2007
255500,11146,2006,3,3,2009
157500,17600,1960,3,2,2009
245350,10475,2008,3,3,2010
148500,4000,1930,2,1,2007
293077,9520,2007,3,3,2008
127000,7200,1972,3,2,2007
80000,11515,1958,3,1,2007
85500,5900,1923,2,0,2006
151000,3180,2005,2,2,2006
115000,6240,1936,3,1,2006
445000,15274,2003,3,3,2009
145000,4426,2004,1,2,2008
265979,11700,1880,4,4,2009
470000,18261,2005,3,3,2006
137000,11425,1954,2,1,2006
130000,11235,1963,3,1,2007
39300,5000,1946,1,0,2007
285000,4538,2001,1,2,2008
67500,9800,1920,2,1,2010
83000,1953,1973,2,1,2006
274000,9720,2001,3,3,2008
224500,8800,1964,5,2,2007
123000,8294,1971,3,4,2007
153500,8100,1948,2,2,2007
200000,8068,2002,4,2,2009
225000,7993,2008,3,2,2009
112000,1680,1971,3,1,2009
263435,8004,2009,3,2,2009
123000,7838,1967,3,1,2006
275000,12728,2001,4,2,2007
182000,4740,1988,2,2,2007
197000,8726,2002,4,2,2006
145000,8604,1978,2,2,2009
166800,13200,1958,3,2,2008
325000,12256,1994,3,2,2010
124000,8430,1978,3,0,2009
117000,5310,1910,2,1,2006
172785,15578,2006,3,2,2006
186000,11355,1958,3,2,2008
158000,9364,1969,4,1,2010
119000,8190,1954,3,1,2007
215000,16635,1977,3,2,2009
145000,7476,1968,3,2,2007
184900,7632,2005,3,2,2006
133000,4435,2003,1,2,2006
138500,8400,1968,3,1,2006
109500,7200,1950,2,2,2006
189000,7500,1999,3,2,2010
156000,12099,1953,3,1,2007
194000,3606,2006,2,2,2007
45000,5925,1940,1,1,2009
155000,8816,1971,3,2,2010
177000,13869,1997,3,2,2007
158000,11050,1975,3,2,2009
180000,18265,1986,3,2,2008
154900,7681,1921,3,1,2009
161000,10320,1915,3,2,2007
169000,10464,1980,2,2,2006
119000,9600,1950,3,1,2008
109000,10134,1940,2,1,2007
100000,6911,1924,2,2,2009
220000,12182,2005,3,2,2010
211000,11250,2001,3,2,2009
159000,13072,2004,3,2,2009
130000,6930,1958,3,1,2006
124000,9488,1947,3,1,2008
179200,7153,1991,3,2,2008
157000,10000,1973,3,2,2008
82500,11900,1977,3,2,2009
154000,10143,1963,3,1,2009
185000,9765,1993,3,2,2009
315000,14601,2006,2,3,2009
162500,9144,1915,4,2,2008
111900,10295,1969,2,1,2008
192500,3182,2005,2,2,2009
152400,8375,1941,2,3,2008
369900,11443,2005,2,3,2006
119000,8155,1930,4,0,2008
140000,10930,1945,3,1,2008
228500,11287,1989,3,2,2007
40000,8500,1920,3,1,2008
250000,11029,1968,4,2,2006
110000,7677,1953,2,1,2008
440000,14977,2006,2,3,2007
118500,8480,1947,2,1,2008
156500,9662,1977,6,2,2006
194500,9453,1993,3,2,2010
160000,2160,1999,2,2,2008
113722,7007,1979,4,2,2009
312500,8413,1998,3,2,2007
257500,14442,1957,3,2,2007
172000,12700,1964,3,2,2006
155835,11103,2006,3,2,2007
132000,7800,1954,2,1,2010
163000,8480,1993,3,2,2008
137000,1488,1980,2,2,2009
193000,13339,1960,3,2,2009
212000,10769,2007,3,2,2009
149000,7200,1931,3,1,2008
140000,9900,1961,3,2,2008
402000,46589,1994,4,3,2009
180000,8049,1990,2,2,2006
124500,3600,1930,3,1,2007
143000,10496,1949,3,1,2007
152000,7400,1984,2,2,2008
85000,6410,1959,3,1,2009
221800,10324,2008,2,3,2009
73000,1470,1970,1,0,2006
129250,7150,1966,3,1,2007
165000,2651,2000,3,2,2006
135000,6993,1961,3,1,2006
290000,10120,1994,4,3,2006
129900,9600,1950,3,1,2009
115000,8960,1927,2,2,2010
395192,10159,2009,3,3,2010
230000,8125,2002,3,3,2006
87500,9600,1910,3,2,2009
190000,10186,1992,3,2,2010
209000,9116,2001,3,2,2006
109008,8593,1957,3,1,2008
146500,13110,1972,2,2,2006
300000,19522,1990,3,2,2007
192000,19508,1974,3,2,2008
131500,12150,1954,4,1,2008
136000,10773,1967,4,0,2010
275500,10130,2007,3,3,2009
128000,4928,1976,2,2,2007
265000,10208,1996,3,3,2009
210250,3087,2006,2,2,2006
218000,10768,1976,3,2,2007
149350,8544,1966,3,1,2008
168000,7290,1921,2,1,2008
87000,9600,1900,4,3,2006
109900,17808,1946,2,1,2007
236500,26073,1956,3,2,2008
141000,12493,1960,3,1,2008
79000,9600,1924,2,0,2008
140000,6221,1941,3,2,2007
232000,8688,2005,3,3,2006
113000,1890,1973,3,1,2007
135000,9246,1973,4,2,2008
116500,1879,1980,2,2,2008
173000,9947,1990,3,2,2009
155000,2500,1915,4,1,2009
124000,18600,1938,4,1,2010
121000,8854,1916,2,1,2009
188000,9297,1976,4,2,2006
140000,10759,1972,4,2,2008
148000,11235,1963,3,2,2006
174900,9020,1966,3,2,2008
284000,10625,2003,3,3,2008
131500,4435,2003,1,2,2007
316000,10574,2004,4,3,2008
300000,4765,2000,2,2,2008
137500,10012,1972,3,2,2008
219210,14054,2006,4,3,2006
108000,8777,1949,2,2,2009
148000,8760,1959,3,1,2010
85000,7030,1925,2,1,2006
203000,10739,2002,3,2,2009
160000,8400,1900,3,1,2009
200000,13450,2002,3,2,2006
272000,11423,2001,3,2,2010
143000,8012,1980,2,1,2010
128000,7830,1970,2,2,2009
119900,7800,1965,3,1,2006
215000,21579,1968,3,2,2007
274970,19690,1966,4,2,2006
143000,8510,1971,3,1,2009
89500,7920,1920,3,0,2008
287602,12104,2006,4,3,2006
64000,3500,1945,2,0,2007
117500,9100,1965,2,1,2009
212999,8760,2006,3,2,2007
155000,10800,1940,3,2,2008
132500,7758,1962,3,1,2007
210000,8750,1997,3,2,2009
121000,11388,1910,3,1,2006
130000,3701,1987,2,2,2006
120500,6900,1940,2,1,2008
376162,12858,2009,3,3,2010
197000,8125,2006,3,2,2006
117000,7200,1972,3,2,2007
137000,13526,1965,3,1,2006
80000,1477,1970,1,1,2009
241500,4084,1986,2,2,2008
182000,11639,2007,3,2,2008
67000,8967,1920,2,1,2007
158000,9350,1964,3,1,2007
133000,12144,1949,3,1,2009
223500,21384,1923,3,2,2009
147000,2308,1974,3,2,2009
140000,12155,1925,4,1,2008
190000,11952,1977,3,2,2007
239000,11923,2007,2,2,2009
149500,12160,1953,2,2,2009
196500,10421,1988,3,2,2010
128500,2104,1976,2,1,2009
204000,7500,1999,5,2,2007
102000,7288,1942,2,1,2006
169000,15410,1974,3,2,2010
150000,7711,1977,4,0,2007
62500,3000,1922,4,0,2009
154204,18160,1964,3,2,2007
185000,7980,1992,3,2,2010
300000,9545,2000,3,3,2006
144500,8562,1957,4,1,2010
284000,10845,2003,2,3,2008
240000,10800,1974,4,2,2008
221000,12803,2002,3,2,2008
415000,19800,1935,5,2,2006
235000,19950,1928,4,3,2006
124000,9000,1880,3,1,2006
100000,10260,1976,4,2,2008
213490,3013,2005,2,2,2006
221000,7180,2001,3,2,2006
322400,11825,2006,3,3,2007
201000,11166,2001,3,2,2009
139000,5362,1910,3,2,2007
120000,11767,1950,3,1,2009
327000,12720,2000,4,3,2009
149900,11027,1954,2,2,2006
147000,9986,2006,2,3,2007
149900,12887,1984,2,2,2010
210000,9000,2008,3,2,2009
128000,6155,1920,3,2,2008
133000,47280,1950,3,2,2008
93000,8335,1954,3,0,2006
255000,13501,2006,3,3,2007
248328,9849,2007,3,3,2007
89500,9000,1945,3,2,2007
178000,7837,1993,3,2,2009
119900,7200,1972,3,1,2006
130000,9600,1920,4,2,2008
377426,14157,2005,3,3,2007
162000,10274,1986,3,2,2009
300000,13975,2005,4,3,2006
248500,9370,1992,3,2,2006
187500,13758,1990,3,2,2007
112900,7584,1953,3,1,2008
277500,18275,1962,3,2,2006
315500,12898,2007,2,3,2009
263000,11762,1992,4,2,2007
122000,10356,1975,3,2,2007
189000,4671,1988,2,2,2008
186500,10261,2000,3,2,2008
115000,7800,1964,2,1,2006
173000,15038,1996,3,2,2008
122500,1920,1971,2,2,2007
105000,7898,1920,2,2,2010
172500,13650,1958,4,2,2006
185000,11717,1970,2,2,2009
208900,13125,1997,3,2,2008
103000,10134,1910,3,0,2009
179900,9350,1965,3,2,2008
98000,8405,1945,4,1,2009
179000,8123,2000,3,2,2009
129000,7791,1963,3,1,2009
193500,8125,1994,3,2,2008
247000,10037,2006,3,2,2008
253000,9675,2005,3,2,2009
149500,9240,1959,3,1,2009
385000,50271,1981,0,3,2006
184000,7472,1972,4,2,2007
387000,15401,2004,2,3,2008
128600,8078,1958,4,2,2007
144000,12968,1962,2,1,2008
136900,9525,1954,4,1,2006
171000,9600,1971,4,2,2010
141500,6120,1936,3,2,2009
131000,21370,1950,3,2,2006
132000,9600,1910,2,2,2007
219990,3940,2004,2,3,2008
201000,8462,1994,3,2,2007
237000,11645,2005,3,3,2009
128950,9320,1959,3,0,2010
149000,10800,1939,4,2,2009
64500,4761,1918,2,0,2006
146000,7000,1961,3,1,2006
199500,12320,1932,3,3,2006
155000,12400,1958,3,1,2009
185000,11900,1977,3,2,2009
143750,4435,2003,1,2,2010
500000,14300,2003,3,3,2010
206900,11075,1969,4,2,2008
213000,9750,2000,3,2,2009
149900,8014,1978,3,2,2009
72500,6627,1949,2,1,2008
339750,10800,2007,3,3,2008
189900,13830,1997,3,2,2010
129500,2665,1976,4,1,2008
222000,13006,1997,4,2,2006
116000,8450,1968,3,1,2006
155000,2448,2003,2,2,2008
231500,15426,1997,3,2,2009
139000,7560,1958,3,1,2009
194700,7577,2005,2,2,2007
172000,9927,1976,2,2,2006
88000,8125,1971,3,0,2006
96500,10594,1926,2,1,2007
153900,7892,1993,2,2,2008
318750,14694,1977,2,2,2009
175500,2628,2003,2,2,2010
140000,16269,1978,3,1,2009
120000,6000,1948,2,1,2007
143900,13673,1962,3,1,2007
233500,16698,1992,3,2,2009
245000,10206,2007,3,3,2008
172900,2280,1999,3,2,2008
214000,3760,1980,1,2,2006
144000,9600,1955,2,1,2007
162000,4500,1998,2,2,2009
124500,8120,1970,3,2,2009
146500,10858,1952,2,1,2006
91500,1680,1971,3,0,2006
210000,13175,1978,3,2,2010
132500,7931,1959,3,1,2009
146000,2280,1978,3,2,2010
180000,21453,1969,1,2,2006
270000,10603,2006,3,3,2009
336820,15218,2006,2,3,2006
177500,7500,1942,3,1,2009
164700,4251,2006,2,2,2007
163500,8800,1966,3,2,2007
203000,10141,2004,3,3,2009
325624,10562,2007,3,3,2007
239000,16560,1932,4,2,2006
270000,11980,1987,1,2,2010
82500,12342,1940,1,2,2009
235000,13728,1935,4,2,2008
124400,9759,1966,3,1,2006
107500,7200,1955,2,1,2010
318000,12030,2007,3,3,2007
256000,14695,1966,2,2,2009
195800,8400,2005,3,2,2006
123500,6120,1923,4,2,2008
195000,4217,2008,1,2,2009
187000,9487,2000,3,2,2007
144000,9180,1983,2,2,2007
158000,16779,1920,4,2,2007
197600,9724,1952,3,2,2010
104500,2665,1977,3,1,2006
128250,8674,1950,3,1,2007
131900,7689,1972,2,1,2009
164000,4500,1998,2,2,2006
140750,10560,1922,2,2,2010
182000,8453,1995,3,2,2008
187500,8702,1997,3,2,2008
107500,6600,1892,4,1,2009
153000,9350,1961,3,2,2009
100000,8239,1920,3,1,2010
125500,5436,1922,3,1,2010
185900,8800,1965,3,1,2006
158000,11553,1968,3,1,2006
379000,12151,2005,3,3,2008
204900,8990,2006,2,2,2006
196500,11645,2004,3,2,2006
119000,8917,1967,4,2,2006
336860,10110,2008,2,3,2008
170000,10192,1968,4,2,2006
164000,7128,1941,4,1,2007
136000,9464,1958,3,1,2008
164000,12134,1988,4,2,2010
126500,10172,1968,3,1,2006
171500,7703,1992,3,2,2009
109500,9022,1924,2,1,2009
139900,6451,1900,4,2,2006
202500,11737,1924,2,1,2006
91900,6931,1955,2,0,2008
410000,13438,2008,3,3,2009
356383,12292,2006,4,3,2006
105000,9060,1939,2,1,2009
160250,7424,1978,3,2,2010
216000,17541,1948,3,2,2007
310013,12217,2007,3,3,2007
129500,9100,1962,3,2,2006
228000,16669,1981,2,2,2006
147000,8402,2007,3,0,2007
125000,9280,1951,4,1,2007
450000,15431,2005,2,3,2007
111750,1680,1972,3,1,2008
175900,3635,2007,1,3,2009
152000,11070,1991,2,2,2009
84500,17217,2006,3,0,2006
176000,19296,1962,3,2,2009
180000,10335,1968,3,2,2006
153000,11332,1960,3,1,2008
372500,11025,1993,4,2,2008
125000,10880,1950,3,1,2008
96900,7614,1905,2,1,2006
91000,6292,1930,2,1,2008
200100,7588,1920,4,1,2006
147000,12000,1948,2,2,2008
274300,9750,1998,3,2,2006
119500,6951,1984,3,1,2008
242000,11275,1967,5,2,2010
319500,9709,2007,3,3,2007
375000,215245,1965,3,2,2009
128000,6430,1945,3,1,2006
144000,4435,2003,1,2,2009
139000,8176,1958,3,1,2007
120000,7535,1958,2,1,2007
175000,7200,1937,3,1,2007
152000,2544,2005,2,2,2010
220000,10041,1992,3,2,2006
127000,7438,1908,3,2,2006
320000,12376,1990,5,3,2010
147110,2403,2003,2,2,2010
149900,8385,1977,3,1,2008
223500,11250,2001,3,2,2008
192000,11339,1979,4,2,2007
197900,17871,1967,3,2,2009
193500,13000,1968,4,1,2009
395000,14226,2006,3,3,2007
200141,11175,2007,3,2,2007
146500,6821,1921,2,1,2007
125000,2368,1970,3,2,2009
142000,6768,1961,3,1,2008
244000,4054,1987,2,2,2007
142500,2304,1978,2,1,2007
108000,8978,1968,3,1,2007
205000,13704,2001,3,3,2006
196000,5381,2005,1,2,2009
124500,8314,1982,2,1,2007
138000,7111,1928,2,1,2008
158450,11235,1964,2,2,2007
190000,9313,2004,3,2,2009
149000,4899,1920,3,1,2006
187500,10573,1961,3,2,2009
298236,10672,2006,4,3,2006
164500,11777,1966,3,2,2006
260000,8847,2005,3,2,2007
127000,7480,1972,3,2,2010
212000,5118,1990,1,2,2007
188000,8924,1998,3,2,2008
136500,7223,1926,3,1,2007
187000,9760,1964,3,2,2007
190000,3874,1980,1,2,2006
261329,10440,2007,2,2,2007
153000,8532,1954,3,2,2009
326000,16033,2004,3,3,2006
68000,10914,1929,2,2,2006
280000,70761,1975,2,2,2006
119000,7200,1950,3,1,2007
190000,8433,2000,3,2,2009
176000,3230,1999,2,2,2007
179540,9018,2007,3,2,2007
108538,10725,1959,3,1,2010
110000,9260,1938,3,1,2008
137000,9639,1900,4,2,2007
82375,10320,1915,3,0,2008
584500,17242,1993,4,3,2006
257000,15600,1950,4,1,2006
125000,10230,1925,3,1,2009
210400,9000,2006,3,2,2007
183900,3735,1999,3,2,2006
76500,9045,1910,4,0,2010
193000,8012,1993,2,2,2008
154000,11000,1966,3,2,2009
125000,8172,1955,2,1,2007
142000,11556,1953,3,1,2007
139900,6000,1948,3,1,2010
239000,5306,1987,2,2,2006
257500,10452,1941,4,1,2010
103600,6629,1925,3,1,2009
97000,10500,1971,2,2,2009
136300,10600,1964,3,2,2010
149500,8094,1915,4,2,2010
152000,12464,1996,3,2,2009
196000,33983,1977,3,2,2007
191000,9382,1999,3,2,2008
203000,12216,2005,3,2,2007
479069,13891,2007,3,3,2007
342000,13069,2004,5,3,2007
140000,8400,1940,2,1,2006
119916,6360,1963,3,1,2008
178900,8000,1974,4,2,2007
178000,9056,2004,3,2,2006
185000,9649,1999,3,2,2007
134900,6950,1979,2,2,2009
206300,7060,1997,2,4,2008
180500,6718,2001,2,2,2007
135000,9482,1958,4,2,2009
105000,11622,1961,2,1,2010
179400,8145,2007,3,2,2007
150000,6406,1939,3,2,2009
349265,12328,2005,4,3,2007
118000,11426,1910,3,0,2008
214000,9468,1999,3,2,2006
151000,8471,1977,3,2,2006
130000,8525,1911,4,0,2008
279700,9466,1994,1,2,2007
155000,13695,2003,3,2,2008
137500,2522,2004,3,2,2006
170000,3696,1986,2,2,2007
133900,7200,1910,4,2,2007
105000,5400,1920,2,1,2009
138000,8000,1959,3,1,2009
86900,5400,1940,2,1,2008
174000,9802,2006,3,2,2010
145500,7626,1952,2,1,2009
226001,8696,1997,3,2,2008
193000,9627,2007,3,2,2008
37900,5925,1910,2,0,2009
136870,7590,1963,3,1,2008
269790,9920,1996,3,2,2007
165000,4500,1999,2,2,2009
114500,6240,1934,3,2,2006
149000,6240,1928,3,1,2006
295000,18386,1880,3,3,2008
245000,20270,1979,3,2,2008
185000,21780,1918,4,2,2008
75200,3672,1922,2,1,2007
176000,7024,2005,2,2,2008
101000,7200,1920,3,1,2007
115000,10480,1936,3,1,2008
143250,10530,1971,3,2,2007
145000,9144,1940,3,1,2008
140000,9550,1915,3,3,2006
139000,9060,1957,4,1,2006
182900,12546,1981,3,2,2007
426000,12474,2007,3,3,2008
139500,4235,1984,2,1,2009
119500,8600,1937,3,1,2006
94900,1596,1973,1,1,2008
160000,10800,1900,3,2,2006
142500,13350,1974,3,2,2006
87500,8544,1949,2,2,2006
132500,8480,1963,2,2,2007
280000,7841,2005,2,2,2007
290000,16280,1976,3,2,2008
132500,7728,1962,3,2,2006
460000,12539,2005,4,4,2008
142000,13072,2004,3,0,2009
106000,2016,1970,3,2,2007
119900,16133,1969,2,1,2006
142000,9600,1968,3,2,2006
162000,7750,2003,3,2,2007
120000,9100,1960,3,1,2007
155000,3215,2004,2,2,2010
235000,18559,1978,3,2,2008
275000,15676,1980,2,3,2009
222000,9930,2002,3,2,2006
254750,12334,2003,4,2,2009
144500,4438,2004,1,2,2008
151500,12772,1960,2,1,2007
181000,4060,1998,2,2,2008
55000,5600,1930,3,0,2010
136000,9000,1974,4,0,2009
203000,11883,1996,3,2,2009
76500,7038,1970,3,2,2009
164990,8767,2005,3,2,2006
180000,11361,1976,3,2,2008
107000,10320,1924,3,2,2006
85000,8777,1910,2,0,2008
155000,6300,1910,5,2,2006
316500,14463,2008,3,3,2009
228950,164660,1965,3,2,2008
235000,9100,2000,3,2,2006
200000,22002,1959,3,2,2007
190000,5271,1986,2,2,2006
270000,11354,2000,3,2,2007
239900,10560,1993,3,2,2009
165500,11950,2003,3,2,2007
252000,12447,2005,3,2,2006
260000,9085,1995,3,2,2009
165000,15584,1956,4,1,2009
143450,11700,1968,3,2,2007
109500,6120,1923,2,1,2010
140000,3675,2005,2,2,2007
120000,9060,1957,3,1,2007
130000,43500,1953,2,4,2007
212109,10411,2007,3,2,2007
184000,11088,1978,3,2,2009
438780,13682,2006,3,3,2006
100000,7150,1967,3,1,2009
250000,11428,2006,3,3,2007
158000,10448,1972,3,2,2009
178000,9600,1925,3,2,2006
161900,7804,1930,4,2,2008
165000,3180,2005,2,2,2008
160500,7200,1976,3,2,2008
91000,9786,1922,3,1,2006
136000,8520,1916,5,1,2007
115000,8450,1968,3,1,2008
79900,5586,1920,4,0,2008
226000,14200,1966,4,2,2006
221000,16770,1998,4,2,2010
143500,8197,1977,3,2,2007
324000,10846,1993,1,2,2008
214000,8755,1999,3,2,2009
278000,9600,1981,4,2,2009
100000,6060,1939,3,1,2007
179000,10800,1987,3,0,2009
174000,10331,1985,3,2,2007
154400,9350,1946,3,1,2009
219500,6240,2006,2,2,2008
140000,4435,2003,1,2,2009
136000,10475,1991,3,2,2010
158900,12000,1968,3,2,2006
229000,13837,1988,4,3,2006
215000,20544,1986,3,2,2008
105500,7227,1954,2,2,2008
230000,5001,2007,2,2,2009
269500,11855,2000,6,4,2009
240000,14859,2006,3,3,2006
192000,9042,1998,3,2,2008
135000,9000,1900,2,2,2007
140000,10300,1921,3,2,2010
132000,8064,1948,3,1,2010
150000,12890,1989,3,2,2008
217000,13426,1999,3,2,2006
350000,10019,1995,4,3,2006
135000,3378,1946,3,1,2009
82000,6040,1955,2,0,2008
230348,7500,2007,2,2,2008
120000,7332,1959,2,1,2006
220000,14450,1979,3,2,2008
305000,12244,2003,4,3,2008
135000,11606,1969,5,2,2007
148000,8750,1975,3,1,2007
120000,2280,1975,2,1,2010
137000,8740,1982,2,2,2009
79900,5825,1926,1,2,2006
218836,11058,2007,3,3,2008
185000,14175,1956,1,2,2008
120000,9675,1975,3,2,2007
127500,7200,1925,2,2,2008
159500,8910,1959,3,2,2006
229000,11060,2003,3,2,2006
122000,10120,1910,4,1,2007
308030,17485,2009,1,2,2010
129000,8724,1968,3,2,2007
190000,8773,2002,2,2,2006
118000,8125,1959,3,1,2009
180000,7875,2003,3,2,2006
78000,6756,1910,2,1,2008
359100,12168,1934,4,2,2007
150000,11375,1954,3,2,2007
164900,14559,1951,2,1,2009
231000,7609,1925,3,1,2008
51689,12366,1945,2,0,2006
94000,7200,1951,2,2,2008
124000,8280,1950,2,1,2007
123000,7150,1962,3,1,2009
225000,7800,1948,3,1,2006
122500,11340,1885,4,2,2010
146000,7500,2006,3,0,2007
86000,1526,1970,1,1,2009
209000,12128,1989,4,2,2006
108500,4484,1942,2,1,2007
161000,9600,1961,3,2,2006
191000,3182,2005,2,2,2008
188500,7795,2004,3,2,2009
214500,11888,1916,5,2,2009
135000,11000,1976,3,2,2007
170000,10625,1974,3,2,2010
248500,6472,2008,2,2,2009
205000,7500,2002,3,2,2008
165600,7685,1993,3,2,2006
137500,14375,1958,3,2,2009
145500,10007,1959,3,1,2008
201490,9171,2004,3,2,2006
167000,9399,1919,4,1,2006
135900,5687,1912,6,0,2008
345000,11924,2005,4,3,2006
139000,8816,1963,3,2,2009
314813,11694,2007,3,3,2007
76500,5350,1940,3,0,2010
153500,8660,1976,3,2,2007
141000,4426,2004,1,2,2008
75500,1491,1972,1,0,2010
185000,9840,1959,2,1,2008
174000,12589,2005,3,2,2009
110000,8308,1963,2,2,2007
155000,41600,1969,3,3,2007
176000,7750,2002,3,2,2008
207500,8791,2003,3,2,2008
122250,7308,1920,2,1,2008
133900,7200,1972,2,1,2009
1358,5100,1925,3,1,2008
2368,1890,1972,3,1,2006
2823,7162,2003,3,2,2006
2127,8070,1994,3,0,2007
1545,7000,1926,2,1,2008
2416,11660,2006,3,2,2006
2228,3907,1988,1,2,2007
411,2280,1976,3,2,2009
762,4280,1946,2,1,2009
437,23303,2007,5,3,2009
2345,16659,1977,3,2,2006
2158,17227,1999,1,2,2007
2286,1504,1972,3,1,2007
1196,11072,1965,6,2,2008
651,10615,1900,3,2,2009
2717,7176,1978,3,2,2006
1895,11382,1964,3,1,2007
1134,12774,2003,3,2,2008
1594,4224,1975,3,2,2008
125,8800,1963,3,2,2010
252,10402,2009,3,3,2010
1394,13825,1958,3,1,2008
846,8750,1998,3,2,2009
2780,14006,2002,3,2,2006
355,10141,1998,3,2,2009
1033,14311,1996,4,3,2008
2276,12633,2006,3,3,2007
1081,3940,2003,2,3,2008
1660,12384,1976,3,2,2007
1117,12274,2008,3,2,2008
1477,8320,2004,3,2,2008
1223,4882,1937,2,1,2008
962,8925,2007,3,3,2009
756,6240,1925,2,2,2009
678,8064,1950,3,2,2009
2291,1890,1976,3,1,2007
1736,8993,2007,3,2,2007
440,9591,2004,3,3,2009
2478,8304,1997,3,2,2006
369,16158,2005,3,2,2009
2381,16259,2006,4,3,2006
1407,45600,1908,5,2,2008
1540,12392,1950,3,2,2008
2616,10800,1961,3,2,2006
1506,12180,1938,2,0,2008
1710,14277,2003,3,3,2007
582,9156,1968,3,2,2009
1666,9457,1970,3,2,2007
2180,7023,2005,3,2,2007
1367,8235,1955,2,2,2008
2357,10140,1976,4,2,2006
1935,8923,1953,2,1,2007
1413,9360,1962,3,1,2008
1346,6240,1939,4,2,2008
1776,9910,2007,3,2,2007
2131,9543,2001,3,2,2007
1002,5395,1993,2,2,2008
1222,7420,1939,2,1,2008
2798,21533,1996,4,2,2006
2175,6285,1976,3,2,2007
743,6120,1936,1,0,2009
1818,8400,1977,4,2,2007
2697,6780,1935,2,0,2006
421,12456,2006,3,3,2009
2103,10235,2007,3,3,2007
299,3907,1989,1,2,2010
1374,21286,1948,4,1,2008
2348,10400,1988,3,2,2006
2482,7175,1991,2,2,2006
52,18494,2005,3,2,2010
749,11414,1910,3,2,2009
2112,9316,2005,3,2,2007
2340,8147,2005,2,2,2006
176,4608,1945,2,1,2010
2711,10366,1964,2,1,2006
431,12220,2009,3,3,2009
611,12095,1964,3,2,2009
1111,11932,2007,3,3,2008
2890,11080,1975,3,2,2006
2023,13515,1919,3,2,2007
2606,10800,1936,3,2,2006
1879,10624,1964,6,1,2007
1308,9142,1900,4,2,2008
1651,12046,1976,4,2,2007
1000,4923,2001,0,2,2008
1526,15576,1915,4,1,2008
1671,17199,1961,2,1,2007
2233,7000,1940,3,2,2007
2809,8581,2006,3,2,2006
2182,40094,2007,3,3,2007
68,9215,2009,2,2,2010
2188,4270,1931,3,0,2007
2699,12375,1951,3,1,2006
663,5400,1940,2,0,2009
882,8487,2004,3,2,2009
1424,10616,2007,3,2,2008
728,9392,1900,2,0,2009
2252,12864,2002,1,2,2007
1436,13142,1997,3,2,2008
1463,11250,2002,4,2,2008
2817,8777,1910,3,2,2006
1560,5587,2008,2,2,2008
1691,14450,2006,3,3,2007
496,15138,1995,4,3,2009
1428,11228,1993,3,3,2008
2850,7000,1926,3,1,2006
461,16770,2002,3,3,2009
1293,11426,2003,3,2,2008
1227,9600,1955,3,1,2008
2647,5633,1925,2,1,2006
1129,10625,2007,3,3,2008
2744,6420,1952,2,1,2006
1981,7200,1940,2,2,2007
403,1680,1973,2,1,2009
1094,8220,2000,3,2,2008
558,9079,1961,2,1,2009
2442,8738,1999,4,2,2006
2247,4750,2006,2,2,2007
839,10667,1996,3,2,2009
1847,2117,2000,3,2,2007
179,6900,1938,3,1,2010
1037,7560,1971,3,2,2008
2615,7100,1957,2,1,2006
2640,9600,1900,3,2,2006
799,9084,1940,4,1,2009
2446,35760,1995,4,3,2006
1510,8172,1954,4,1,2008
486,12224,2000,3,2,2009
487,9734,2004,3,2,2009
1001,6264,1997,1,2,2008
2047,8160,1940,3,1,2007
1738,8499,2006,3,2,2007
1613,10628,1970,2,2,2007
290,7890,1939,2,2,2010
1427,11778,2008,3,3,2008
528,8125,2008,3,2,2009
33,4043,1977,2,2,2010
2660,10800,1914,2,2,2006
297,17500,1959,3,2,2010
533,8127,2003,3,2,2009
1570,9990,1991,3,2,2008
451,9658,2006,3,3,2009
1578,9735,2006,3,2,2008
2506,3316,2005,1,2,2006
1252,8838,1957,4,1,2008
2226,1782,1980,2,2,2007
2294,15957,1977,3,2,2007
2320,10463,2005,3,3,2006
2740,12048,1952,3,2,2006
1512,7692,1954,3,1,2008
1175,10646,2001,3,2,2008
1781,12291,2007,1,3,2007
1910,9480,1942,3,1,2007
2263,10991,2007,3,3,2007
197,6360,1942,3,1,2010
142,10552,1959,4,2,2010
2351,16692,1978,5,2,2006
908,8400,1920,1,1,2009
1201,9120,1974,4,2,2008
2551,10800,1960,3,1,2006
1744,3621,2003,2,3,2007
2835,7822,1915,3,2,2006
1791,10084,2004,3,2,2007
782,11250,1957,5,1,2009
2280,6710,1996,0,2,2007
1840,5330,2006,2,2,2007
1692,13641,2007,3,3,2007
507,9612,2008,3,3,2009
529,10625,2006,3,3,2009
2503,13346,1992,4,2,2006
1961,7200,1950,3,1,2007
195,6000,1939,2,1,2010
1462,14860,2002,3,3,2008
45,12919,2009,2,3,2010
680,7200,1950,3,1,2009
367,17423,2008,1,3,2009
204,12900,1912,3,0,2010
677,8544,1950,2,2,2009
2686,11672,1925,2,1,2006
2064,8169,1966,3,1,2007
1104,10990,1996,4,2,2008
2814,8846,2005,3,2,2006
1832,12712,1973,2,2,2007
2644,5684,1930,2,1,2006
2650,4400,1920,2,2,2006
388,9373,1975,3,2,2009
332,1900,1970,3,0,2010
1763,11000,2000,4,3,2007
843,10400,1998,3,2,2009
2518,11250,1977,3,2,2006
1406,10452,1953,3,2,2008
1106,10437,1995,2,3,2008
1260,10800,1900,3,0,2008
2900,14331,2002,3,3,2006
2675,7800,1939,3,2,2006
31,1680,1971,3,1,2010
2241,13710,1950,4,1,2007
1035,9750,1969,3,2,2008
1481,8199,2005,3,2,2008
1327,8516,1958,2,1,2008
2235,7288,1925,3,0,2007
1740,7713,2007,3,2,2007
2727,13050,1963,1,2,2006
2045,12888,1937,3,2,2007
1813,8450,2000,3,2,2007
1059,13418,2006,4,3,2008
1226,9600,1950,3,1,2008
2824,8050,2002,2,0,2006
163,7500,1959,3,1,2010
1903,5000,1946,2,0,2007
765,10547,1978,2,1,2009
1588,11447,2005,3,3,2008
247,12361,1993,3,4,2010
319,12003,2009,4,3,2010
1118,9801,2007,3,3,2008
2044,10320,1910,3,1,2007
2391,9942,2005,3,2,2006
74,11920,2004,3,2,2010
394,8750,1970,3,2,2009
2104,9588,2007,3,3,2007
212,9900,1915,3,0,2010
1799,9000,2007,4,2,2007
64,11764,1999,4,3,2010
1399,2887,1996,2,2,2008
1601,1890,1972,1,0,2008
2234,5000,1941,2,2,2007
46,6371,2009,2,2,2010
1115,14587,2008,2,2,2008
1386,12900,1969,0,2,2008
2807,12393,2004,4,2,2006
472,3182,2005,1,2,2009
480,10125,2004,3,2,2009
81,9672,1984,3,2,2010
1190,15387,1967,4,2,2008
652,11419,1948,3,2,2009
94,4835,2004,2,2,2010
2413,10237,2006,3,2,2006
2341,11302,2005,3,3,2006
2213,13108,1951,2,2,2007
1124,9803,2005,3,2,2008
2251,10000,2002,3,3,2007
464,2268,2003,2,2,2009
1443,12192,2000,3,2,2008
645,13070,1951,2,2,2009
2464,10728,2006,3,3,2006
512,9139,2006,3,2,2009
1565,13265,2002,3,3,2008
1621,5330,2000,2,2,2007
103,2572,1999,3,2,2010
322,13214,2008,3,3,2010
412,2280,1975,2,2,2009
696,5720,1941,3,1,2009
257,11105,1996,2,2,2010
1245,10425,1956,3,1,2008
2751,11003,2005,3,3,2006
2029,5680,1901,3,1,2007
1548,5890,1930,2,1,2008
240,9525,1954,3,1,2010
2164,8769,2005,2,2,2007
1269,7200,1950,3,2,2008
1299,5914,1890,3,0,2008
569,3830,2008,2,2,2009
1713,9926,2005,3,3,2007
1984,5925,1937,2,2,2007
1018,12680,1988,2,2,2008
730,6615,1923,3,1,2009
784,17140,1956,3,1,2009
1054,14948,2008,3,3,2008
2862,11600,1922,2,1,2006
2014,6240,1938,3,2,2007
479,7750,2002,3,2,2009
1418,9084,1941,3,1,2008
987,10429,1992,3,2,2009
556,7064,1977,3,2,2009
938,17597,1971,3,2,2009
1363,10320,1915,2,2,2008
1821,7420,1962,3,2,2007
1232,8400,1962,3,2,2008
2259,19958,1958,4,2,2007
1160,4282,2004,2,2,2008
2379,16737,2004,3,3,2006
2784,10385,1978,3,3,2006
2154,15295,1996,3,2,2007
1437,8998,2000,3,2,2008
2360,15870,1969,3,1,2006
2155,11248,2002,3,3,2007
310,11050,1998,3,3,2010
595,9600,1967,3,2,2009
1024,13068,1976,3,2,2008
1378,11200,1965,3,1,2008
1365,7006,1925,3,1,2008
2531,9600,1969,3,2,2006
508,11194,2008,3,3,2009
325,9400,1971,4,0,2010
1880,10899,1964,2,3,2007
1675,10943,1997,2,2,2007
71,12552,2004,3,2,2010
1805,10625,2004,4,3,2007
2053,14149,1964,3,2,2007
2363,7200,1971,3,2,2006
57,8577,2004,3,2,2010
1564,23730,1996,3,3,2008
2643,3960,1930,2,1,2006
2901,13618,2005,3,3,2006
2579,14850,1957,2,1,2006
1498,47007,1959,5,2,2008
2006,6854,1925,1,1,2007
2470,7200,2006,2,2,2006
599,9790,1967,3,2,2009
1107,10542,1993,3,3,2008
323,15300,1965,2,2,2010
2864,8170,1929,4,2,2006
2111,7242,2005,2,2,2007
2038,4330,1958,3,2,2007
1468,8750,1994,4,2,2008
499,12203,1998,4,3,2009
2380,16387,2006,4,3,2006
1422,14171,1993,4,2,2008
1103,11675,1998,2,3,2008
458,15262,2003,3,3,2009
2117,53107,1992,3,2,2007
2473,13072,2005,3,0,2006
2608,13400,1966,3,2,2006
121,9900,1966,3,2,2010
1069,16451,2003,4,3,2008
2749,9554,1993,3,2,2006
603,9450,1957,3,3,2009
2098,9965,2006,4,3,2007
2709,11327,1967,3,2,2006
2719,8235,1977,6,2,2006
234,17082,1978,4,2,2010
1717,3901,2005,1,2,2007
1487,8777,1900,4,0,2008
112,10791,1993,4,2,2010
1062,8899,2007,4,3,2008
219,11625,1965,3,2,2010
2627,8544,1950,2,2,2006
1324,9750,1959,2,1,2008
566,2880,2004,3,3,2009
1049,2529,1977,2,2,2008
600,7436,1960,2,2,2009
1272,8000,1962,3,1,2008
2704,5220,1936,2,1,2006
1739,8229,2007,3,2,2007
1558,18000,1935,2,3,2008
1794,8640,2007,3,2,2007
2772,8685,1998,3,2,2006
1090,8010,2002,3,2,2008
1874,10800,1963,3,1,2007
2638,9600,1948,3,1,2006
2115,8883,1988,3,2,2007
2393,12867,2005,3,2,2006
2653,6000,1924,5,2,2006
2121,8775,1994,3,1,2007
1092,7301,2007,2,2,2008
30,1680,1971,2,1,2010
1968,8000,1961,6,0,2007
2496,8020,1964,3,0,2006
810,7018,1979,6,2,2009
1339,6000,1939,2,1,2008
898,4060,1922,2,0,2009
1011,13543,2005,5,3,2008
2396,12378,2003,3,3,2006
189,7740,1910,3,2,2010
171,8800,1910,3,0,2010
2060,8398,1967,2,2,2007
44,10171,2004,3,2,2010
88,7500,1963,3,1,2010
2012,6000,1941,3,2,2007
791,9571,1958,3,1,2009
283,8741,1945,3,1,2010
2915,1484,1972,3,1,2006
812,7018,1979,4,2,2009
2917,1533,1970,1,0,2006
1229,13700,1965,4,2,2008
2853,6000,1926,4,0,2006
1917,8760,1957,2,1,2007
1711,11999,2003,4,3,2007
1831,16647,1975,3,2,2007
2395,11643,2005,4,3,2006
150,10950,1952,2,1,2010
1663,10500,1971,3,1,2007
1126,10625,2005,3,3,2008
2336,15922,2005,4,3,2006
1362,6876,1938,4,2,2008
2072,115149,1971,2,2,2007
2185,6882,1955,2,0,2007
135,11380,1966,2,1,2010
2382,16163,2004,2,3,2006
555,9750,1962,3,2,2009
747,8635,1925,2,5,2009
1098,8390,1999,3,2,2008
1019,12090,1981,3,2,2008
536,7500,2004,3,0,2009
1890,8680,1960,3,1,2007
1798,9000,2006,3,3,2007
2137,9720,1977,3,2,2007
1645,10960,1984,3,2,2007
912,7804,1928,4,2,2009
760,5160,1923,1,0,2009
222,8246,1968,3,1,2010
1808,7500,2006,3,0,2007
1906,9500,1964,4,2,2007
2869,12984,1977,3,2,2006
2821,9400,1975,4,0,2006
174,5805,1957,3,2,2010
424,15431,2008,2,3,2009
1589,8940,1997,2,4,2008
686,10800,1949,4,1,2009
1296,5400,1920,2,0,2008
706,6000,1950,3,1,2009
565,11949,1991,3,2,2009
1698,13693,2006,3,3,2007
315,57200,1948,3,2,2010
153,7922,1953,3,1,2010
534,9605,2007,3,2,2009
2830,2522,2004,3,2,2006
273,8773,2004,3,2,2010
271,10635,2003,3,2,2010
1274,8064,1948,3,2,2008
1341,5520,1920,3,1,2008
818,7976,2000,6,4,2009
568,3000,2009,2,2,2009
522,9187,2009,2,3,2009
2520,3640,1980,1,2,2006
573,3768,1999,3,2,2009
1784,9965,2007,3,2,2007
2092,13474,1990,4,3,2007
2601,10800,1920,2,2,2006
2787,9800,1972,3,2,2006
1419,11839,1990,4,2,2008
258,9337,1997,3,2,2010
1881,12342,1960,3,1,2007
140,8197,2003,3,2,2010
1351,8635,1948,2,1,2008
2384,12228,2006,4,3,2006
1611,56600,1900,4,1,2008
2532,9750,1967,3,1,2006
255,14235,1900,3,2,2010
2124,9531,1998,3,2,2007
979,1533,1970,3,0,2009
2777,9272,1999,3,2,2006
2400,11846,2003,2,3,2006
169,7700,1966,4,2,2010
2152,11927,1994,3,2,2007
2041,12358,1941,2,2,2007
860,7200,1972,2,2,2009
2662,5000,1900,3,1,2006
292,9839,1931,3,0,2010
795,11500,1957,3,1,2009
434,13891,2008,4,3,2009
1400,10005,1977,4,2,2008
1757,9967,2000,3,2,2007
409,4928,1976,2,2,2009
2186,10215,1954,3,1,2007
2674,5000,1947,3,2,2006
136,11600,1960,5,2,2010
1012,11198,2005,4,3,2008
2179,7024,2005,2,2,2007
2685,6380,1922,2,1,2006
368,11844,2008,3,3,2009
2517,9549,1995,2,2,2006
1377,11235,1963,3,2,2008
2219,10570,1932,3,2,2007
1609,12395,1984,3,2,2008
1850,7399,1997,3,2,2007
2409,6373,2006,2,2,2006
2874,7000,1926,3,2,2006
857,7000,1978,3,1,2009
2776,10264,1999,3,2,2006
1284,9836,2008,3,1,2008
2785,9920,1969,3,1,2006
2753,7406,2006,2,2,2006
1539,15660,1939,3,2,2008
211,10632,1917,3,1,2010
2120,14217,1994,3,2,2007
2857,6191,1941,4,1,2006
2081,5400,1958,3,1,2007
1965,7315,1958,3,1,2007
366,5814,1984,1,2,2009
415,2364,1978,3,2,2009
314,12760,1976,5,2,2010
2555,4712,1946,3,1,2006
2583,8092,1954,3,1,2006
1826,9945,1961,3,2,2007
1045,1680,1971,2,1,2008
2570,9000,1954,2,1,2006
1015,8118,2007,2,2,2008
2508,2544,2005,2,2,2006
408,1680,1972,3,1,2009
1812,11613,1993,3,2,2007
109,13517,1976,3,2,2010
2625,8544,1950,2,2,2006
2423,2938,2002,2,2,2006
2877,8765,1936,2,1,2006
1048,2308,1975,4,2,2008
333,1890,1972,3,1,2010
1921,9750,1958,4,1,2007
2397,11065,2006,3,3,2006
1833,9572,1990,4,2,2007
1091,8396,2003,4,2,2008
808,7018,1979,4,2,2009
416,2289,1978,3,2,2009
1101,14260,2000,4,3,2008
1065,13688,2003,3,3,2008
2314,13031,1995,3,2,2006
1919,8250,1963,3,2,2007
1265,12929,1960,3,1,2008
444,11362,2004,3,3,2009
1236,9204,1963,3,1,2008
606,10004,1964,3,2,2009
433,13693,2007,2,3,2009
200,6240,1930,4,2,2010
284,12180,1941,2,1,2010
232,9600,1950,2,2,2010
544,11492,1996,4,2,2009
803,14684,1990,3,3,2009
97,3182,2004,2,2,2010
2281,25286,1963,3,2,2007
2925,20000,1960,4,2,2006
991,12925,1970,4,2,2008
1627,9556,1992,3,2,2007
2799,11250,1998,3,3,2006
2526,20781,1968,3,2,2006
1317,10800,1905,3,2,2008
1290,4800,1940,2,1,2008
105,12853,2010,1,3,2010
928,12000,1941,3,1,2009
2839,8172,1955,2,2,2006
1915,11344,1958,3,1,2007
613,11475,1961,4,2,2009
227,11227,1968,4,2,2010
742,6120,1935,3,1,2009
1072,12304,2005,2,2,2008
999,21872,1996,3,2,2008
1770,11787,1996,3,3,2007
1642,14082,2006,1,2,2007
465,10928,2005,3,2,2009
1801,11096,2006,3,3,2007
2422,3196,2003,2,2,2006
1197,13101,1965,6,2,2008
545,10994,2005,2,2,2009
1495,9638,1977,3,2,2008
945,3843,2007,2,2,2009
213,6001,1940,3,1,2010
13,8402,1998,3,2,2010
1217,10721,1959,3,2,2008
423,13518,2008,4,3,2009
1718,3903,2005,1,2,2007
2578,10000,1956,3,1,2006
2663,8850,1916,3,1,2006
2833,3363,2004,3,2,2006
1507,8050,1947,4,0,2008
510,9262,2008,3,3,2009
2715,9535,1967,3,2,2006
773,7800,1967,3,1,2009
1753,7875,2003,4,2,2007
2582,7032,1979,2,2,2006
519,8640,2009,3,2,2009
788,15635,1954,2,2,2009
1030,10400,1976,2,2,2008
1838,4230,2006,2,2,2007
2458,10182,2006,3,2,2006
1338,6000,1937,3,1,2008
2079,12615,1950,4,2,2007
2177,9555,1979,5,2,2007
890,10682,1960,3,1,2009
2842,8248,1922,3,0,2006
359,8803,1994,3,2,2009
2806,8810,2003,3,2,2006
2621,10800,1949,4,0,2006
260,15240,1977,3,1,2010
2762,9316,2005,3,2,2006
2892,26178,1989,4,2,2006
943,8470,1915,2,0,2009
1466,7226,2003,3,2,2008
2352,11475,1975,3,2,2006
2099,9178,2007,3,3,2007
1398,10200,1970,3,3,2008
1911,8668,1968,4,3,2007
2654,7830,1921,1,1,2006
2269,9590,2003,3,2,2007
457,14836,2004,2,3,2009
463,3480,2003,2,2,2009
2169,9825,1967,2,1,2007
1489,9937,1965,3,1,2008
